"query","query_length","bit_score","evalue","identity_pct","alignment_length","query_start","query_end","query_coverage_pct","arg_id","gene","description","fail_reason","passes"
"045b2a362a85e2465891ed168387eb56",310,46.4,0.004,84.7826086956522,46,46,90,14.5161290322581,"ARID108971","bcra","urea ABC transporter, ATP-binding protein UrtE [Rhodopseudomonas palustris DX-1]","coverage 15% < 75%; E-value 4.0e-03 > 1e-10",FALSE
"140884c82e020843178f39d6cd565ab0",314,46.4,0.004,93.3333333333333,30,180,209,9.55414012738854,"ARID573158","macb","molybdenum ABC transporter ModD [Helicobacter pylori Puno120]","coverage 10% < 75%; E-value 4.0e-03 > 1e-10",FALSE
"1868f67b90d20f6b9cf89f8acd9cdb6f",314,46.4,0.004,93.3333333333333,30,180,209,9.55414012738854,"ARID573158","macb","molybdenum ABC transporter ModD [Helicobacter pylori Puno120]","coverage 10% < 75%; E-value 4.0e-03 > 1e-10",FALSE
"2054b39716bd5225c3f31c1f930d0d5f",331,51.8,1e-04,100,28,251,278,8.45921450151057,"ARID881050","tetv","","coverage 8% < 75%; E-value 1.0e-04 > 1e-10",FALSE
"34b8fe0518cc8d1d2dd4b678fcb5affc",308,51.8,1e-04,100,28,251,278,9.09090909090909,"ARID881050","tetv","","coverage 9% < 75%; E-value 1.0e-04 > 1e-10",FALSE
"37af0b3b54b44de393d0b992038c8d7b",328,48.2,0.001,87.5,40,154,191,11.5853658536585,"ARID748507","mexh","""efflux transporter, RND family, MFP subunit, putative [Nitrosococcus oceani AFC27]""","coverage 12% < 75%; E-value 1.0e-03 > 1e-10",FALSE
"37af0b3b54b44de393d0b992038c8d7b",328,48.2,0.001,87.5,40,154,191,11.5853658536585,"ARID747630","mexh","Secretion protein HlyD [Nitrosococcus oceani ATCC 19707]","coverage 12% < 75%; E-value 1.0e-03 > 1e-10",FALSE
"37af0b3b54b44de393d0b992038c8d7b",328,46.4,0.005,93.3333333333333,30,154,183,9.14634146341463,"ARID745779","mexh","""efflux transporter, RND family, MFP subunit [Nitrosococcus watsonii C-113]""","coverage 9% < 75%; E-value 5.0e-03 > 1e-10",FALSE
"3bc94288922ea0f406e53abeba3be04c",308,51.8,1e-04,100,28,251,278,9.09090909090909,"ARID881050","tetv","","coverage 9% < 75%; E-value 1.0e-04 > 1e-10",FALSE
"48f481e8560b0cb9a673e44c0d418b4c",324,46.4,0.004,75.7142857142857,70,19,87,21.2962962962963,"ARID470092","macb","D-methionine ABC transporter, ATP-binding protein MetN [Burkholderia glumae PG1]","identity 76% < 80%; coverage 21% < 75%; E-value 4.0e-03 > 1e-10",FALSE
"56a1b27320546e7072b66e7fee3177e9",308,51.8,1e-04,100,28,251,278,9.09090909090909,"ARID881050","tetv","","coverage 9% < 75%; E-value 1.0e-04 > 1e-10",FALSE
"575fb5bdb5cb1cb45d4a3ee1a63aff6a",309,46.4,0.004,84.7826086956522,46,46,90,14.5631067961165,"ARID108971","bcra","urea ABC transporter, ATP-binding protein UrtE [Rhodopseudomonas palustris DX-1]","coverage 15% < 75%; E-value 4.0e-03 > 1e-10",FALSE
"6006fa9f9218c82d749290c49eb912e6",308,51.8,1e-04,100,28,251,278,9.09090909090909,"ARID881050","tetv","","coverage 9% < 75%; E-value 1.0e-04 > 1e-10",FALSE
"62a4486f5e1363a6a789d3a484d64293",331,51.8,1e-04,100,28,251,278,8.45921450151057,"ARID881050","tetv","","coverage 8% < 75%; E-value 1.0e-04 > 1e-10",FALSE
"762a926654f9eba85850ee80e369cea6",308,51.8,1e-04,100,28,251,278,9.09090909090909,"ARID881050","tetv","","coverage 9% < 75%; E-value 1.0e-04 > 1e-10",FALSE
"7ef6964356c2062e3d11c632d7e86d49",308,51.8,1e-04,100,28,251,278,9.09090909090909,"ARID881050","tetv","","coverage 9% < 75%; E-value 1.0e-04 > 1e-10",FALSE
"8d8871ac6c7b9655a02af04ec2645ff3",324,46.4,0.004,84.7826086956522,46,46,90,13.8888888888889,"ARID96801","bcra","putative ATP-binding component of ABC transporter [Rhodopseudomonas palustris CGA009]","coverage 14% < 75%; E-value 4.0e-03 > 1e-10",FALSE
"8e6586987bec8715aa75b9f1785b4052",325,46.4,0.004,93.3333333333333,30,150,179,9.23076923076923,"ARID748507","mexh","""efflux transporter, RND family, MFP subunit, putative [Nitrosococcus oceani AFC27]""","coverage 9% < 75%; E-value 4.0e-03 > 1e-10",FALSE
"8e6586987bec8715aa75b9f1785b4052",325,46.4,0.004,93.3333333333333,30,150,179,9.23076923076923,"ARID747630","mexh","Secretion protein HlyD [Nitrosococcus oceani ATCC 19707]","coverage 9% < 75%; E-value 4.0e-03 > 1e-10",FALSE
"8e6586987bec8715aa75b9f1785b4052",325,46.4,0.004,93.3333333333333,30,150,179,9.23076923076923,"ARID745779","mexh","""efflux transporter, RND family, MFP subunit [Nitrosococcus watsonii C-113]""","coverage 9% < 75%; E-value 4.0e-03 > 1e-10",FALSE
"9dacf5e35500afc6ec003c80a0fde4eb",308,51.8,1e-04,100,28,251,278,9.09090909090909,"ARID881050","tetv","","coverage 9% < 75%; E-value 1.0e-04 > 1e-10",FALSE
"a3f6b6a4dd172d3bd24b75daf8648312",314,46.4,0.004,93.3333333333333,30,180,209,9.55414012738854,"ARID573158","macb","molybdenum ABC transporter ModD [Helicobacter pylori Puno120]","coverage 10% < 75%; E-value 4.0e-03 > 1e-10",FALSE
"ac114e9d16fd58c39ac89a4c6affec18",310,46.4,0.004,84.7826086956522,46,46,90,14.5161290322581,"ARID108971","bcra","urea ABC transporter, ATP-binding protein UrtE [Rhodopseudomonas palustris DX-1]","coverage 15% < 75%; E-value 4.0e-03 > 1e-10",FALSE
"c5f46f90927f38e440e3184651505997",308,51.8,1e-04,100,28,251,278,9.09090909090909,"ARID881050","tetv","","coverage 9% < 75%; E-value 1.0e-04 > 1e-10",FALSE
"cd372a9825d29fbaabdb9591a16ff972",310,46.4,0.004,84.7826086956522,46,46,90,14.5161290322581,"ARID108971","bcra","urea ABC transporter, ATP-binding protein UrtE [Rhodopseudomonas palustris DX-1]","coverage 15% < 75%; E-value 4.0e-03 > 1e-10",FALSE
"d9f051974c599c1a1b83d0de40d47aa7",317,46.4,0.004,81.25,48,251,298,15.1419558359621,"ARID1190016","vansc","Signal transduction histidine kinase [Burkholderia cenocepacia H111]","coverage 15% < 75%; E-value 4.0e-03 > 1e-10",FALSE
"dc54e189fca9c2bd719b99282a4e6356",314,46.4,0.004,93.3333333333333,30,180,209,9.55414012738854,"ARID573158","macb","molybdenum ABC transporter ModD [Helicobacter pylori Puno120]","coverage 10% < 75%; E-value 4.0e-03 > 1e-10",FALSE
"dd245224536c61015fa774fd0a7013e0",314,46.4,0.004,93.3333333333333,30,180,209,9.55414012738854,"ARID573158","macb","molybdenum ABC transporter ModD [Helicobacter pylori Puno120]","coverage 10% < 75%; E-value 4.0e-03 > 1e-10",FALSE
"dfc74c3cde6992ff3e4aedbb68bd001b",308,51.8,1e-04,100,28,251,278,9.09090909090909,"ARID881050","tetv","","coverage 9% < 75%; E-value 1.0e-04 > 1e-10",FALSE
"e1bfc976755e1b126dce313ea283955b",324,46.4,0.004,75.7142857142857,70,19,87,21.2962962962963,"ARID470092","macb","D-methionine ABC transporter, ATP-binding protein MetN [Burkholderia glumae PG1]","identity 76% < 80%; coverage 21% < 75%; E-value 4.0e-03 > 1e-10",FALSE
"e7fd33133c7bf58d16d62a4d9e1149dc",317,46.4,0.004,81.25,48,251,298,15.1419558359621,"ARID1190016","vansc","Signal transduction histidine kinase [Burkholderia cenocepacia H111]","coverage 15% < 75%; E-value 4.0e-03 > 1e-10",FALSE
"e9089f291dc7a533a3b42b29ab28a112",308,51.8,1e-04,100,28,251,278,9.09090909090909,"ARID881050","tetv","","coverage 9% < 75%; E-value 1.0e-04 > 1e-10",FALSE
"e9b6ec9f9f24b41356564a0238cd67a0",324,46.4,0.004,84.7826086956522,46,46,90,13.8888888888889,"ARID96801","bcra","putative ATP-binding component of ABC transporter [Rhodopseudomonas palustris CGA009]","coverage 14% < 75%; E-value 4.0e-03 > 1e-10",FALSE
"eeebe02ed998760476d2f6a13c8ba9ed",326,46.4,0.004,84.7826086956522,46,46,90,13.8036809815951,"ARID96801","bcra","putative ATP-binding component of ABC transporter [Rhodopseudomonas palustris CGA009]","coverage 14% < 75%; E-value 4.0e-03 > 1e-10",FALSE
"ffde134e6d0f10f6130491761b3ebb49",314,46.4,0.004,93.3333333333333,30,180,209,9.55414012738854,"ARID573158","macb","molybdenum ABC transporter ModD [Helicobacter pylori Puno120]","coverage 10% < 75%; E-value 4.0e-03 > 1e-10",FALSE
