"id","adapter","strand","start","seq_length"
"2054b39716bd5225c3f31c1f930d0d5f","TruSeq","forward",251,331
"34b8fe0518cc8d1d2dd4b678fcb5affc","TruSeq","forward",251,308
"3bc94288922ea0f406e53abeba3be04c","TruSeq","forward",251,308
"56a1b27320546e7072b66e7fee3177e9","TruSeq","forward",251,308
"6006fa9f9218c82d749290c49eb912e6","TruSeq","forward",251,308
"62a4486f5e1363a6a789d3a484d64293","TruSeq","forward",251,331
"762a926654f9eba85850ee80e369cea6","TruSeq","forward",251,308
"7ef6964356c2062e3d11c632d7e86d49","TruSeq","forward",251,308
"9dacf5e35500afc6ec003c80a0fde4eb","TruSeq","forward",251,308
"a47f9115b18f9b3f9088b377d7290be4","TruSeq","forward",251,264
"c5f46f90927f38e440e3184651505997","TruSeq","forward",251,308
"dfc74c3cde6992ff3e4aedbb68bd001b","TruSeq","forward",251,308
"e9089f291dc7a533a3b42b29ab28a112","TruSeq","forward",251,308
"2054b39716bd5225c3f31c1f930d0d5f","TruSeq","reverse",69,331
"34b8fe0518cc8d1d2dd4b678fcb5affc","TruSeq","reverse",46,308
"3bc94288922ea0f406e53abeba3be04c","TruSeq","reverse",46,308
"56a1b27320546e7072b66e7fee3177e9","TruSeq","reverse",46,308
"6006fa9f9218c82d749290c49eb912e6","TruSeq","reverse",46,308
"62a4486f5e1363a6a789d3a484d64293","TruSeq","reverse",69,331
"762a926654f9eba85850ee80e369cea6","TruSeq","reverse",46,308
"7ef6964356c2062e3d11c632d7e86d49","TruSeq","reverse",46,308
"9dacf5e35500afc6ec003c80a0fde4eb","TruSeq","reverse",46,308
"c5f46f90927f38e440e3184651505997","TruSeq","reverse",46,308
"dfc74c3cde6992ff3e4aedbb68bd001b","TruSeq","reverse",46,308
"e9089f291dc7a533a3b42b29ab28a112","TruSeq","reverse",46,308
