"sample","target","rel_abundance","Replicates","Treatment","Genotype","Day","group","species_of_concern"
"MBSF1","Acinetobacter",0.00914007159722751,1,"Wastewater_Daphnia","LRV_0_1","D1","Opportunistic pathogen","A. baumannii"
"MBSF1","Aeromonas",0,1,"Wastewater_Daphnia","LRV_0_1","D1","Opportunistic pathogen","A. hydrophila; A. caviae"
"MBSF1","Arcobacter",0,1,"Wastewater_Daphnia","LRV_0_1","D1","Emerging pathogen","A. butzleri"
"MBSF1","Bacteroides",0,1,"Wastewater_Daphnia","LRV_0_1","D1","Faecal indicator","Human faecal marker"
"MBSF1","Burkholderia",0,1,"Wastewater_Daphnia","LRV_0_1","D1","Waterborne pathogen","B. pseudomallei"
"MBSF1","Campylobacter",0,1,"Wastewater_Daphnia","LRV_0_1","D1","Waterborne pathogen","C. jejuni; C. coli"
"MBSF1","Clostridium sensu stricto",0,1,"Wastewater_Daphnia","LRV_0_1","D1","Faecal indicator","C. perfringens"
"MBSF1","Enterococcus",0,1,"Wastewater_Daphnia","LRV_0_1","D1","Faecal indicator","Intestinal enterococci"
"MBSF1","Escherichia-Shigella",0,1,"Wastewater_Daphnia","LRV_0_1","D1","Waterborne pathogen","Pathogenic E. coli (incl. O157); Shigella spp."
"MBSF1","Francisella",0,1,"Wastewater_Daphnia","LRV_0_1","D1","Waterborne pathogen","F. tularensis"
"MBSF1","Helicobacter",0,1,"Wastewater_Daphnia","LRV_0_1","D1","Waterborne pathogen","H. pylori"
"MBSF1","Klebsiella",0,1,"Wastewater_Daphnia","LRV_0_1","D1","Opportunistic pathogen","K. pneumoniae"
"MBSF1","Legionella",0.000190418158275573,1,"Wastewater_Daphnia","LRV_0_1","D1","Opportunistic pathogen","L. pneumophila"
"MBSF1","Leptospira",0,1,"Wastewater_Daphnia","LRV_0_1","D1","Waterborne pathogen","L. interrogans"
"MBSF1","Mycobacterium",0.0015614288978597,1,"Wastewater_Daphnia","LRV_0_1","D1","Opportunistic pathogen","Non-tuberculous mycobacteria (M. avium complex)"
"MBSF1","Pseudomonas",0.0140909437123924,1,"Wastewater_Daphnia","LRV_0_1","D1","Opportunistic pathogen","P. aeruginosa"
"MBSF1","Salmonella",0,1,"Wastewater_Daphnia","LRV_0_1","D1","Waterborne pathogen","S. Typhi; other salmonellae"
"MBSF1","Staphylococcus",0,1,"Wastewater_Daphnia","LRV_0_1","D1","Opportunistic pathogen","S. aureus"
"MBSF1","Stenotrophomonas",0,1,"Wastewater_Daphnia","LRV_0_1","D1","Opportunistic pathogen","S. maltophilia"
"MBSF1","Vibrio",0,1,"Wastewater_Daphnia","LRV_0_1","D1","Waterborne pathogen","V. cholerae O1 and O139"
"MBSF1","Yersinia",0,1,"Wastewater_Daphnia","LRV_0_1","D1","Waterborne pathogen","Y. enterocolitica"
"MBSF10","Acinetobacter",0.00750683121640693,1,"Wastewater_Daphnia","LRV_8.5_3","D1","Opportunistic pathogen","A. baumannii"
"MBSF10","Aeromonas",0,1,"Wastewater_Daphnia","LRV_8.5_3","D1","Opportunistic pathogen","A. hydrophila; A. caviae"
"MBSF10","Arcobacter",0,1,"Wastewater_Daphnia","LRV_8.5_3","D1","Emerging pathogen","A. butzleri"
"MBSF10","Bacteroides",0,1,"Wastewater_Daphnia","LRV_8.5_3","D1","Faecal indicator","Human faecal marker"
"MBSF10","Burkholderia",0,1,"Wastewater_Daphnia","LRV_8.5_3","D1","Waterborne pathogen","B. pseudomallei"
"MBSF10","Campylobacter",0,1,"Wastewater_Daphnia","LRV_8.5_3","D1","Waterborne pathogen","C. jejuni; C. coli"
"MBSF10","Clostridium sensu stricto",0,1,"Wastewater_Daphnia","LRV_8.5_3","D1","Faecal indicator","C. perfringens"
"MBSF10","Enterococcus",0,1,"Wastewater_Daphnia","LRV_8.5_3","D1","Faecal indicator","Intestinal enterococci"
"MBSF10","Escherichia-Shigella",0,1,"Wastewater_Daphnia","LRV_8.5_3","D1","Waterborne pathogen","Pathogenic E. coli (incl. O157); Shigella spp."
"MBSF10","Francisella",0,1,"Wastewater_Daphnia","LRV_8.5_3","D1","Waterborne pathogen","F. tularensis"
"MBSF10","Helicobacter",0,1,"Wastewater_Daphnia","LRV_8.5_3","D1","Waterborne pathogen","H. pylori"
"MBSF10","Klebsiella",0,1,"Wastewater_Daphnia","LRV_8.5_3","D1","Opportunistic pathogen","K. pneumoniae"
"MBSF10","Legionella",0.000480437197850044,1,"Wastewater_Daphnia","LRV_8.5_3","D1","Opportunistic pathogen","L. pneumophila"
"MBSF10","Leptospira",0,1,"Wastewater_Daphnia","LRV_8.5_3","D1","Waterborne pathogen","L. interrogans"
"MBSF10","Mycobacterium",0.00105095637029697,1,"Wastewater_Daphnia","LRV_8.5_3","D1","Opportunistic pathogen","Non-tuberculous mycobacteria (M. avium complex)"
"MBSF10","Pseudomonas",0.0110200282256854,1,"Wastewater_Daphnia","LRV_8.5_3","D1","Opportunistic pathogen","P. aeruginosa"
"MBSF10","Salmonella",0,1,"Wastewater_Daphnia","LRV_8.5_3","D1","Waterborne pathogen","S. Typhi; other salmonellae"
"MBSF10","Staphylococcus",0,1,"Wastewater_Daphnia","LRV_8.5_3","D1","Opportunistic pathogen","S. aureus"
"MBSF10","Stenotrophomonas",0,1,"Wastewater_Daphnia","LRV_8.5_3","D1","Opportunistic pathogen","S. maltophilia"
"MBSF10","Vibrio",0,1,"Wastewater_Daphnia","LRV_8.5_3","D1","Waterborne pathogen","V. cholerae O1 and O139"
"MBSF10","Yersinia",0,1,"Wastewater_Daphnia","LRV_8.5_3","D1","Waterborne pathogen","Y. enterocolitica"
"MBSF11","Acinetobacter",0,2,"Wastewater_Daphnia","LRV_8.5_3","D1","Opportunistic pathogen","A. baumannii"
"MBSF11","Aeromonas",0,2,"Wastewater_Daphnia","LRV_8.5_3","D1","Opportunistic pathogen","A. hydrophila; A. caviae"
"MBSF11","Arcobacter",0,2,"Wastewater_Daphnia","LRV_8.5_3","D1","Emerging pathogen","A. butzleri"
"MBSF11","Bacteroides",0,2,"Wastewater_Daphnia","LRV_8.5_3","D1","Faecal indicator","Human faecal marker"
"MBSF11","Burkholderia",0,2,"Wastewater_Daphnia","LRV_8.5_3","D1","Waterborne pathogen","B. pseudomallei"
"MBSF11","Campylobacter",0,2,"Wastewater_Daphnia","LRV_8.5_3","D1","Waterborne pathogen","C. jejuni; C. coli"
"MBSF11","Clostridium sensu stricto",0,2,"Wastewater_Daphnia","LRV_8.5_3","D1","Faecal indicator","C. perfringens"
"MBSF11","Enterococcus",0,2,"Wastewater_Daphnia","LRV_8.5_3","D1","Faecal indicator","Intestinal enterococci"
"MBSF11","Escherichia-Shigella",0,2,"Wastewater_Daphnia","LRV_8.5_3","D1","Waterborne pathogen","Pathogenic E. coli (incl. O157); Shigella spp."
"MBSF11","Francisella",0,2,"Wastewater_Daphnia","LRV_8.5_3","D1","Waterborne pathogen","F. tularensis"
"MBSF11","Helicobacter",0,2,"Wastewater_Daphnia","LRV_8.5_3","D1","Waterborne pathogen","H. pylori"
"MBSF11","Klebsiella",0,2,"Wastewater_Daphnia","LRV_8.5_3","D1","Opportunistic pathogen","K. pneumoniae"
"MBSF11","Legionella",0.000289952046392327,2,"Wastewater_Daphnia","LRV_8.5_3","D1","Opportunistic pathogen","L. pneumophila"
"MBSF11","Leptospira",0,2,"Wastewater_Daphnia","LRV_8.5_3","D1","Waterborne pathogen","L. interrogans"
"MBSF11","Mycobacterium",0.000356864057098249,2,"Wastewater_Daphnia","LRV_8.5_3","D1","Opportunistic pathogen","Non-tuberculous mycobacteria (M. avium complex)"
"MBSF11","Pseudomonas",0.104561168729787,2,"Wastewater_Daphnia","LRV_8.5_3","D1","Opportunistic pathogen","P. aeruginosa"
"MBSF11","Salmonella",0,2,"Wastewater_Daphnia","LRV_8.5_3","D1","Waterborne pathogen","S. Typhi; other salmonellae"
"MBSF11","Staphylococcus",0,2,"Wastewater_Daphnia","LRV_8.5_3","D1","Opportunistic pathogen","S. aureus"
"MBSF11","Stenotrophomonas",0,2,"Wastewater_Daphnia","LRV_8.5_3","D1","Opportunistic pathogen","S. maltophilia"
"MBSF11","Vibrio",0,2,"Wastewater_Daphnia","LRV_8.5_3","D1","Waterborne pathogen","V. cholerae O1 and O139"
"MBSF11","Yersinia",0,2,"Wastewater_Daphnia","LRV_8.5_3","D1","Waterborne pathogen","Y. enterocolitica"
"MBSF12","Acinetobacter",0,3,"Wastewater_Daphnia","LRV_8.5_3","D1","Opportunistic pathogen","A. baumannii"
"MBSF12","Aeromonas",0,3,"Wastewater_Daphnia","LRV_8.5_3","D1","Opportunistic pathogen","A. hydrophila; A. caviae"
"MBSF12","Arcobacter",0,3,"Wastewater_Daphnia","LRV_8.5_3","D1","Emerging pathogen","A. butzleri"
"MBSF12","Bacteroides",0,3,"Wastewater_Daphnia","LRV_8.5_3","D1","Faecal indicator","Human faecal marker"
"MBSF12","Burkholderia",0,3,"Wastewater_Daphnia","LRV_8.5_3","D1","Waterborne pathogen","B. pseudomallei"
"MBSF12","Campylobacter",0,3,"Wastewater_Daphnia","LRV_8.5_3","D1","Waterborne pathogen","C. jejuni; C. coli"
"MBSF12","Clostridium sensu stricto",0,3,"Wastewater_Daphnia","LRV_8.5_3","D1","Faecal indicator","C. perfringens"
"MBSF12","Enterococcus",0,3,"Wastewater_Daphnia","LRV_8.5_3","D1","Faecal indicator","Intestinal enterococci"
"MBSF12","Escherichia-Shigella",0,3,"Wastewater_Daphnia","LRV_8.5_3","D1","Waterborne pathogen","Pathogenic E. coli (incl. O157); Shigella spp."
"MBSF12","Francisella",0,3,"Wastewater_Daphnia","LRV_8.5_3","D1","Waterborne pathogen","F. tularensis"
"MBSF12","Helicobacter",0,3,"Wastewater_Daphnia","LRV_8.5_3","D1","Waterborne pathogen","H. pylori"
"MBSF12","Klebsiella",0,3,"Wastewater_Daphnia","LRV_8.5_3","D1","Opportunistic pathogen","K. pneumoniae"
"MBSF12","Legionella",0.000175250279305133,3,"Wastewater_Daphnia","LRV_8.5_3","D1","Opportunistic pathogen","L. pneumophila"
"MBSF12","Leptospira",0,3,"Wastewater_Daphnia","LRV_8.5_3","D1","Waterborne pathogen","L. interrogans"
"MBSF12","Mycobacterium",0.000569563407741681,3,"Wastewater_Daphnia","LRV_8.5_3","D1","Opportunistic pathogen","Non-tuberculous mycobacteria (M. avium complex)"
"MBSF12","Pseudomonas",0.118753970514141,3,"Wastewater_Daphnia","LRV_8.5_3","D1","Opportunistic pathogen","P. aeruginosa"
"MBSF12","Salmonella",0,3,"Wastewater_Daphnia","LRV_8.5_3","D1","Waterborne pathogen","S. Typhi; other salmonellae"
"MBSF12","Staphylococcus",0,3,"Wastewater_Daphnia","LRV_8.5_3","D1","Opportunistic pathogen","S. aureus"
"MBSF12","Stenotrophomonas",0,3,"Wastewater_Daphnia","LRV_8.5_3","D1","Opportunistic pathogen","S. maltophilia"
"MBSF12","Vibrio",0,3,"Wastewater_Daphnia","LRV_8.5_3","D1","Waterborne pathogen","V. cholerae O1 and O139"
"MBSF12","Yersinia",0,3,"Wastewater_Daphnia","LRV_8.5_3","D1","Waterborne pathogen","Y. enterocolitica"
"MBSF13","Acinetobacter",0.00701453371013323,1,"Wastewater_Daphnia","LRV_8.5_3","D2","Opportunistic pathogen","A. baumannii"
"MBSF13","Aeromonas",0,1,"Wastewater_Daphnia","LRV_8.5_3","D2","Opportunistic pathogen","A. hydrophila; A. caviae"
"MBSF13","Arcobacter",0,1,"Wastewater_Daphnia","LRV_8.5_3","D2","Emerging pathogen","A. butzleri"
"MBSF13","Bacteroides",0,1,"Wastewater_Daphnia","LRV_8.5_3","D2","Faecal indicator","Human faecal marker"
"MBSF13","Burkholderia",0,1,"Wastewater_Daphnia","LRV_8.5_3","D2","Waterborne pathogen","B. pseudomallei"
"MBSF13","Campylobacter",0,1,"Wastewater_Daphnia","LRV_8.5_3","D2","Waterborne pathogen","C. jejuni; C. coli"
"MBSF13","Clostridium sensu stricto",0,1,"Wastewater_Daphnia","LRV_8.5_3","D2","Faecal indicator","C. perfringens"
"MBSF13","Enterococcus",0,1,"Wastewater_Daphnia","LRV_8.5_3","D2","Faecal indicator","Intestinal enterococci"
"MBSF13","Escherichia-Shigella",0,1,"Wastewater_Daphnia","LRV_8.5_3","D2","Waterborne pathogen","Pathogenic E. coli (incl. O157); Shigella spp."
"MBSF13","Francisella",0,1,"Wastewater_Daphnia","LRV_8.5_3","D2","Waterborne pathogen","F. tularensis"
"MBSF13","Helicobacter",0,1,"Wastewater_Daphnia","LRV_8.5_3","D2","Waterborne pathogen","H. pylori"
"MBSF13","Klebsiella",0,1,"Wastewater_Daphnia","LRV_8.5_3","D2","Opportunistic pathogen","K. pneumoniae"
"MBSF13","Legionella",0.00116067823980622,1,"Wastewater_Daphnia","LRV_8.5_3","D2","Opportunistic pathogen","L. pneumophila"
"MBSF13","Leptospira",0,1,"Wastewater_Daphnia","LRV_8.5_3","D2","Waterborne pathogen","L. interrogans"
"MBSF13","Mycobacterium",0.000378482034719419,1,"Wastewater_Daphnia","LRV_8.5_3","D2","Opportunistic pathogen","Non-tuberculous mycobacteria (M. avium complex)"
"MBSF13","Pseudomonas",0.00941158659668954,1,"Wastewater_Daphnia","LRV_8.5_3","D2","Opportunistic pathogen","P. aeruginosa"
"MBSF13","Salmonella",0,1,"Wastewater_Daphnia","LRV_8.5_3","D2","Waterborne pathogen","S. Typhi; other salmonellae"
"MBSF13","Staphylococcus",0,1,"Wastewater_Daphnia","LRV_8.5_3","D2","Opportunistic pathogen","S. aureus"
"MBSF13","Stenotrophomonas",0,1,"Wastewater_Daphnia","LRV_8.5_3","D2","Opportunistic pathogen","S. maltophilia"
"MBSF13","Vibrio",0,1,"Wastewater_Daphnia","LRV_8.5_3","D2","Waterborne pathogen","V. cholerae O1 and O139"
"MBSF13","Yersinia",0,1,"Wastewater_Daphnia","LRV_8.5_3","D2","Waterborne pathogen","Y. enterocolitica"
"MBSF14","Acinetobacter",0,2,"Wastewater_Daphnia","LRV_8.5_3","D2","Opportunistic pathogen","A. baumannii"
"MBSF14","Aeromonas",0,2,"Wastewater_Daphnia","LRV_8.5_3","D2","Opportunistic pathogen","A. hydrophila; A. caviae"
"MBSF14","Arcobacter",0,2,"Wastewater_Daphnia","LRV_8.5_3","D2","Emerging pathogen","A. butzleri"
"MBSF14","Bacteroides",0,2,"Wastewater_Daphnia","LRV_8.5_3","D2","Faecal indicator","Human faecal marker"
"MBSF14","Burkholderia",0,2,"Wastewater_Daphnia","LRV_8.5_3","D2","Waterborne pathogen","B. pseudomallei"
"MBSF14","Campylobacter",0,2,"Wastewater_Daphnia","LRV_8.5_3","D2","Waterborne pathogen","C. jejuni; C. coli"
"MBSF14","Clostridium sensu stricto",0,2,"Wastewater_Daphnia","LRV_8.5_3","D2","Faecal indicator","C. perfringens"
"MBSF14","Enterococcus",0,2,"Wastewater_Daphnia","LRV_8.5_3","D2","Faecal indicator","Intestinal enterococci"
"MBSF14","Escherichia-Shigella",0,2,"Wastewater_Daphnia","LRV_8.5_3","D2","Waterborne pathogen","Pathogenic E. coli (incl. O157); Shigella spp."
"MBSF14","Francisella",0,2,"Wastewater_Daphnia","LRV_8.5_3","D2","Waterborne pathogen","F. tularensis"
"MBSF14","Helicobacter",0,2,"Wastewater_Daphnia","LRV_8.5_3","D2","Waterborne pathogen","H. pylori"
"MBSF14","Klebsiella",0,2,"Wastewater_Daphnia","LRV_8.5_3","D2","Opportunistic pathogen","K. pneumoniae"
"MBSF14","Legionella",0.000159923236846314,2,"Wastewater_Daphnia","LRV_8.5_3","D2","Opportunistic pathogen","L. pneumophila"
"MBSF14","Leptospira",0,2,"Wastewater_Daphnia","LRV_8.5_3","D2","Waterborne pathogen","L. interrogans"
"MBSF14","Mycobacterium",0.000346500346500347,2,"Wastewater_Daphnia","LRV_8.5_3","D2","Opportunistic pathogen","Non-tuberculous mycobacteria (M. avium complex)"
"MBSF14","Pseudomonas",0.0665547204008742,2,"Wastewater_Daphnia","LRV_8.5_3","D2","Opportunistic pathogen","P. aeruginosa"
"MBSF14","Salmonella",0,2,"Wastewater_Daphnia","LRV_8.5_3","D2","Waterborne pathogen","S. Typhi; other salmonellae"
"MBSF14","Staphylococcus",0,2,"Wastewater_Daphnia","LRV_8.5_3","D2","Opportunistic pathogen","S. aureus"
"MBSF14","Stenotrophomonas",0,2,"Wastewater_Daphnia","LRV_8.5_3","D2","Opportunistic pathogen","S. maltophilia"
"MBSF14","Vibrio",0,2,"Wastewater_Daphnia","LRV_8.5_3","D2","Waterborne pathogen","V. cholerae O1 and O139"
"MBSF14","Yersinia",0,2,"Wastewater_Daphnia","LRV_8.5_3","D2","Waterborne pathogen","Y. enterocolitica"
"MBSF15","Acinetobacter",0,3,"Wastewater_Daphnia","LRV_8.5_3","D2","Opportunistic pathogen","A. baumannii"
"MBSF15","Aeromonas",0,3,"Wastewater_Daphnia","LRV_8.5_3","D2","Opportunistic pathogen","A. hydrophila; A. caviae"
"MBSF15","Arcobacter",0,3,"Wastewater_Daphnia","LRV_8.5_3","D2","Emerging pathogen","A. butzleri"
"MBSF15","Bacteroides",0,3,"Wastewater_Daphnia","LRV_8.5_3","D2","Faecal indicator","Human faecal marker"
"MBSF15","Burkholderia",0,3,"Wastewater_Daphnia","LRV_8.5_3","D2","Waterborne pathogen","B. pseudomallei"
"MBSF15","Campylobacter",0,3,"Wastewater_Daphnia","LRV_8.5_3","D2","Waterborne pathogen","C. jejuni; C. coli"
"MBSF15","Clostridium sensu stricto",0,3,"Wastewater_Daphnia","LRV_8.5_3","D2","Faecal indicator","C. perfringens"
"MBSF15","Enterococcus",0,3,"Wastewater_Daphnia","LRV_8.5_3","D2","Faecal indicator","Intestinal enterococci"
"MBSF15","Escherichia-Shigella",0,3,"Wastewater_Daphnia","LRV_8.5_3","D2","Waterborne pathogen","Pathogenic E. coli (incl. O157); Shigella spp."
"MBSF15","Francisella",0,3,"Wastewater_Daphnia","LRV_8.5_3","D2","Waterborne pathogen","F. tularensis"
"MBSF15","Helicobacter",0,3,"Wastewater_Daphnia","LRV_8.5_3","D2","Waterborne pathogen","H. pylori"
"MBSF15","Klebsiella",0,3,"Wastewater_Daphnia","LRV_8.5_3","D2","Opportunistic pathogen","K. pneumoniae"
"MBSF15","Legionella",0.000209208999790791,3,"Wastewater_Daphnia","LRV_8.5_3","D2","Opportunistic pathogen","L. pneumophila"
"MBSF15","Leptospira",0,3,"Wastewater_Daphnia","LRV_8.5_3","D2","Waterborne pathogen","L. interrogans"
"MBSF15","Mycobacterium",0.000171170999828829,3,"Wastewater_Daphnia","LRV_8.5_3","D2","Opportunistic pathogen","Non-tuberculous mycobacteria (M. avium complex)"
"MBSF15","Pseudomonas",0.0323988664676011,3,"Wastewater_Daphnia","LRV_8.5_3","D2","Opportunistic pathogen","P. aeruginosa"
"MBSF15","Salmonella",0,3,"Wastewater_Daphnia","LRV_8.5_3","D2","Waterborne pathogen","S. Typhi; other salmonellae"
"MBSF15","Staphylococcus",0,3,"Wastewater_Daphnia","LRV_8.5_3","D2","Opportunistic pathogen","S. aureus"
"MBSF15","Stenotrophomonas",0,3,"Wastewater_Daphnia","LRV_8.5_3","D2","Opportunistic pathogen","S. maltophilia"
"MBSF15","Vibrio",0,3,"Wastewater_Daphnia","LRV_8.5_3","D2","Waterborne pathogen","V. cholerae O1 and O139"
"MBSF15","Yersinia",0,3,"Wastewater_Daphnia","LRV_8.5_3","D2","Waterborne pathogen","Y. enterocolitica"
"MBSF16","Acinetobacter",0.00293015949734171,1,"Wastewater_Daphnia","LRV_8.5_3","D3","Opportunistic pathogen","A. baumannii"
"MBSF16","Aeromonas",0,1,"Wastewater_Daphnia","LRV_8.5_3","D3","Opportunistic pathogen","A. hydrophila; A. caviae"
"MBSF16","Arcobacter",0,1,"Wastewater_Daphnia","LRV_8.5_3","D3","Emerging pathogen","A. butzleri"
"MBSF16","Bacteroides",0,1,"Wastewater_Daphnia","LRV_8.5_3","D3","Faecal indicator","Human faecal marker"
"MBSF16","Burkholderia",0,1,"Wastewater_Daphnia","LRV_8.5_3","D3","Waterborne pathogen","B. pseudomallei"
"MBSF16","Campylobacter",0,1,"Wastewater_Daphnia","LRV_8.5_3","D3","Waterborne pathogen","C. jejuni; C. coli"
"MBSF16","Clostridium sensu stricto",0,1,"Wastewater_Daphnia","LRV_8.5_3","D3","Faecal indicator","C. perfringens"
"MBSF16","Enterococcus",0,1,"Wastewater_Daphnia","LRV_8.5_3","D3","Faecal indicator","Intestinal enterococci"
"MBSF16","Escherichia-Shigella",0,1,"Wastewater_Daphnia","LRV_8.5_3","D3","Waterborne pathogen","Pathogenic E. coli (incl. O157); Shigella spp."
"MBSF16","Francisella",0,1,"Wastewater_Daphnia","LRV_8.5_3","D3","Waterborne pathogen","F. tularensis"
"MBSF16","Helicobacter",0,1,"Wastewater_Daphnia","LRV_8.5_3","D3","Waterborne pathogen","H. pylori"
"MBSF16","Klebsiella",0,1,"Wastewater_Daphnia","LRV_8.5_3","D3","Opportunistic pathogen","K. pneumoniae"
"MBSF16","Legionella",0.000996858385693572,1,"Wastewater_Daphnia","LRV_8.5_3","D3","Opportunistic pathogen","L. pneumophila"
"MBSF16","Leptospira",0,1,"Wastewater_Daphnia","LRV_8.5_3","D3","Waterborne pathogen","L. interrogans"
"MBSF16","Mycobacterium",0.00027187046882552,1,"Wastewater_Daphnia","LRV_8.5_3","D3","Opportunistic pathogen","Non-tuberculous mycobacteria (M. avium complex)"
"MBSF16","Pseudomonas",0.00866964717254712,1,"Wastewater_Daphnia","LRV_8.5_3","D3","Opportunistic pathogen","P. aeruginosa"
"MBSF16","Salmonella",0,1,"Wastewater_Daphnia","LRV_8.5_3","D3","Waterborne pathogen","S. Typhi; other salmonellae"
"MBSF16","Staphylococcus",0,1,"Wastewater_Daphnia","LRV_8.5_3","D3","Opportunistic pathogen","S. aureus"
"MBSF16","Stenotrophomonas",0,1,"Wastewater_Daphnia","LRV_8.5_3","D3","Opportunistic pathogen","S. maltophilia"
"MBSF16","Vibrio",0,1,"Wastewater_Daphnia","LRV_8.5_3","D3","Waterborne pathogen","V. cholerae O1 and O139"
"MBSF16","Yersinia",0,1,"Wastewater_Daphnia","LRV_8.5_3","D3","Waterborne pathogen","Y. enterocolitica"
"MBSF17","Acinetobacter",0,2,"Wastewater_Daphnia","LRV_8.5_3","D3","Opportunistic pathogen","A. baumannii"
"MBSF17","Aeromonas",0,2,"Wastewater_Daphnia","LRV_8.5_3","D3","Opportunistic pathogen","A. hydrophila; A. caviae"
"MBSF17","Arcobacter",0,2,"Wastewater_Daphnia","LRV_8.5_3","D3","Emerging pathogen","A. butzleri"
"MBSF17","Bacteroides",0,2,"Wastewater_Daphnia","LRV_8.5_3","D3","Faecal indicator","Human faecal marker"
"MBSF17","Burkholderia",0,2,"Wastewater_Daphnia","LRV_8.5_3","D3","Waterborne pathogen","B. pseudomallei"
"MBSF17","Campylobacter",0,2,"Wastewater_Daphnia","LRV_8.5_3","D3","Waterborne pathogen","C. jejuni; C. coli"
"MBSF17","Clostridium sensu stricto",0,2,"Wastewater_Daphnia","LRV_8.5_3","D3","Faecal indicator","C. perfringens"
"MBSF17","Enterococcus",0,2,"Wastewater_Daphnia","LRV_8.5_3","D3","Faecal indicator","Intestinal enterococci"
"MBSF17","Escherichia-Shigella",0,2,"Wastewater_Daphnia","LRV_8.5_3","D3","Waterborne pathogen","Pathogenic E. coli (incl. O157); Shigella spp."
"MBSF17","Francisella",0,2,"Wastewater_Daphnia","LRV_8.5_3","D3","Waterborne pathogen","F. tularensis"
"MBSF17","Helicobacter",0,2,"Wastewater_Daphnia","LRV_8.5_3","D3","Waterborne pathogen","H. pylori"
"MBSF17","Klebsiella",0,2,"Wastewater_Daphnia","LRV_8.5_3","D3","Opportunistic pathogen","K. pneumoniae"
"MBSF17","Legionella",0.000354400472533963,2,"Wastewater_Daphnia","LRV_8.5_3","D3","Opportunistic pathogen","L. pneumophila"
"MBSF17","Leptospira",0,2,"Wastewater_Daphnia","LRV_8.5_3","D3","Waterborne pathogen","L. interrogans"
"MBSF17","Mycobacterium",0.000543414057885411,2,"Wastewater_Daphnia","LRV_8.5_3","D3","Opportunistic pathogen","Non-tuberculous mycobacteria (M. avium complex)"
"MBSF17","Pseudomonas",0.0545776727702304,2,"Wastewater_Daphnia","LRV_8.5_3","D3","Opportunistic pathogen","P. aeruginosa"
"MBSF17","Salmonella",0,2,"Wastewater_Daphnia","LRV_8.5_3","D3","Waterborne pathogen","S. Typhi; other salmonellae"
"MBSF17","Staphylococcus",0,2,"Wastewater_Daphnia","LRV_8.5_3","D3","Opportunistic pathogen","S. aureus"
"MBSF17","Stenotrophomonas",0,2,"Wastewater_Daphnia","LRV_8.5_3","D3","Opportunistic pathogen","S. maltophilia"
"MBSF17","Vibrio",0,2,"Wastewater_Daphnia","LRV_8.5_3","D3","Waterborne pathogen","V. cholerae O1 and O139"
"MBSF17","Yersinia",0,2,"Wastewater_Daphnia","LRV_8.5_3","D3","Waterborne pathogen","Y. enterocolitica"
"MBSF19","Acinetobacter",0.000842330959491538,1,"Wastewater_Daphnia","LRV_12_3","D1","Opportunistic pathogen","A. baumannii"
"MBSF19","Aeromonas",0,1,"Wastewater_Daphnia","LRV_12_3","D1","Opportunistic pathogen","A. hydrophila; A. caviae"
"MBSF19","Arcobacter",0,1,"Wastewater_Daphnia","LRV_12_3","D1","Emerging pathogen","A. butzleri"
"MBSF19","Bacteroides",0,1,"Wastewater_Daphnia","LRV_12_3","D1","Faecal indicator","Human faecal marker"
"MBSF19","Burkholderia",0,1,"Wastewater_Daphnia","LRV_12_3","D1","Waterborne pathogen","B. pseudomallei"
"MBSF19","Campylobacter",0,1,"Wastewater_Daphnia","LRV_12_3","D1","Waterborne pathogen","C. jejuni; C. coli"
"MBSF19","Clostridium sensu stricto",0,1,"Wastewater_Daphnia","LRV_12_3","D1","Faecal indicator","C. perfringens"
"MBSF19","Enterococcus",0,1,"Wastewater_Daphnia","LRV_12_3","D1","Faecal indicator","Intestinal enterococci"
"MBSF19","Escherichia-Shigella",0,1,"Wastewater_Daphnia","LRV_12_3","D1","Waterborne pathogen","Pathogenic E. coli (incl. O157); Shigella spp."
"MBSF19","Francisella",0,1,"Wastewater_Daphnia","LRV_12_3","D1","Waterborne pathogen","F. tularensis"
"MBSF19","Helicobacter",0,1,"Wastewater_Daphnia","LRV_12_3","D1","Waterborne pathogen","H. pylori"
"MBSF19","Klebsiella",0,1,"Wastewater_Daphnia","LRV_12_3","D1","Opportunistic pathogen","K. pneumoniae"
"MBSF19","Legionella",0.000357352528269137,1,"Wastewater_Daphnia","LRV_12_3","D1","Opportunistic pathogen","L. pneumophila"
"MBSF19","Leptospira",0,1,"Wastewater_Daphnia","LRV_12_3","D1","Waterborne pathogen","L. interrogans"
"MBSF19","Mycobacterium",0.000536028792403706,1,"Wastewater_Daphnia","LRV_12_3","D1","Opportunistic pathogen","Non-tuberculous mycobacteria (M. avium complex)"
"MBSF19","Pseudomonas",0.0857390816040023,1,"Wastewater_Daphnia","LRV_12_3","D1","Opportunistic pathogen","P. aeruginosa"
"MBSF19","Salmonella",0,1,"Wastewater_Daphnia","LRV_12_3","D1","Waterborne pathogen","S. Typhi; other salmonellae"
"MBSF19","Staphylococcus",0,1,"Wastewater_Daphnia","LRV_12_3","D1","Opportunistic pathogen","S. aureus"
"MBSF19","Stenotrophomonas",0,1,"Wastewater_Daphnia","LRV_12_3","D1","Opportunistic pathogen","S. maltophilia"
"MBSF19","Vibrio",0,1,"Wastewater_Daphnia","LRV_12_3","D1","Waterborne pathogen","V. cholerae O1 and O139"
"MBSF19","Yersinia",0,1,"Wastewater_Daphnia","LRV_12_3","D1","Waterborne pathogen","Y. enterocolitica"
"MBSF2","Acinetobacter",0.0589316344033325,2,"Wastewater_Daphnia","LRV_0_1","D1","Opportunistic pathogen","A. baumannii"
"MBSF2","Aeromonas",0,2,"Wastewater_Daphnia","LRV_0_1","D1","Opportunistic pathogen","A. hydrophila; A. caviae"
"MBSF2","Arcobacter",0,2,"Wastewater_Daphnia","LRV_0_1","D1","Emerging pathogen","A. butzleri"
"MBSF2","Bacteroides",0,2,"Wastewater_Daphnia","LRV_0_1","D1","Faecal indicator","Human faecal marker"
"MBSF2","Burkholderia",0,2,"Wastewater_Daphnia","LRV_0_1","D1","Waterborne pathogen","B. pseudomallei"
"MBSF2","Campylobacter",0,2,"Wastewater_Daphnia","LRV_0_1","D1","Waterborne pathogen","C. jejuni; C. coli"
"MBSF2","Clostridium sensu stricto",0.000214408233276158,2,"Wastewater_Daphnia","LRV_0_1","D1","Faecal indicator","C. perfringens"
"MBSF2","Enterococcus",0,2,"Wastewater_Daphnia","LRV_0_1","D1","Faecal indicator","Intestinal enterococci"
"MBSF2","Escherichia-Shigella",0,2,"Wastewater_Daphnia","LRV_0_1","D1","Waterborne pathogen","Pathogenic E. coli (incl. O157); Shigella spp."
"MBSF2","Francisella",0,2,"Wastewater_Daphnia","LRV_0_1","D1","Waterborne pathogen","F. tularensis"
"MBSF2","Helicobacter",0,2,"Wastewater_Daphnia","LRV_0_1","D1","Waterborne pathogen","H. pylori"
"MBSF2","Klebsiella",0,2,"Wastewater_Daphnia","LRV_0_1","D1","Opportunistic pathogen","K. pneumoniae"
"MBSF2","Legionella",0.000153148738054398,2,"Wastewater_Daphnia","LRV_0_1","D1","Opportunistic pathogen","L. pneumophila"
"MBSF2","Leptospira",0,2,"Wastewater_Daphnia","LRV_0_1","D1","Waterborne pathogen","L. interrogans"
"MBSF2","Mycobacterium",0.000183778485665278,2,"Wastewater_Daphnia","LRV_0_1","D1","Opportunistic pathogen","Non-tuberculous mycobacteria (M. avium complex)"
"MBSF2","Pseudomonas",0.0577677039941191,2,"Wastewater_Daphnia","LRV_0_1","D1","Opportunistic pathogen","P. aeruginosa"
"MBSF2","Salmonella",0,2,"Wastewater_Daphnia","LRV_0_1","D1","Waterborne pathogen","S. Typhi; other salmonellae"
"MBSF2","Staphylococcus",0,2,"Wastewater_Daphnia","LRV_0_1","D1","Opportunistic pathogen","S. aureus"
"MBSF2","Stenotrophomonas",0,2,"Wastewater_Daphnia","LRV_0_1","D1","Opportunistic pathogen","S. maltophilia"
"MBSF2","Vibrio",0,2,"Wastewater_Daphnia","LRV_0_1","D1","Waterborne pathogen","V. cholerae O1 and O139"
"MBSF2","Yersinia",0,2,"Wastewater_Daphnia","LRV_0_1","D1","Waterborne pathogen","Y. enterocolitica"
"MBSF20","Acinetobacter",0.00273625985641991,2,"Wastewater_Daphnia","LRV_12_3","D1","Opportunistic pathogen","A. baumannii"
"MBSF20","Aeromonas",0,2,"Wastewater_Daphnia","LRV_12_3","D1","Opportunistic pathogen","A. hydrophila; A. caviae"
"MBSF20","Arcobacter",0,2,"Wastewater_Daphnia","LRV_12_3","D1","Emerging pathogen","A. butzleri"
"MBSF20","Bacteroides",0,2,"Wastewater_Daphnia","LRV_12_3","D1","Faecal indicator","Human faecal marker"
"MBSF20","Burkholderia",0,2,"Wastewater_Daphnia","LRV_12_3","D1","Waterborne pathogen","B. pseudomallei"
"MBSF20","Campylobacter",0,2,"Wastewater_Daphnia","LRV_12_3","D1","Waterborne pathogen","C. jejuni; C. coli"
"MBSF20","Clostridium sensu stricto",0,2,"Wastewater_Daphnia","LRV_12_3","D1","Faecal indicator","C. perfringens"
"MBSF20","Enterococcus",0,2,"Wastewater_Daphnia","LRV_12_3","D1","Faecal indicator","Intestinal enterococci"
"MBSF20","Escherichia-Shigella",0,2,"Wastewater_Daphnia","LRV_12_3","D1","Waterborne pathogen","Pathogenic E. coli (incl. O157); Shigella spp."
"MBSF20","Francisella",0,2,"Wastewater_Daphnia","LRV_12_3","D1","Waterborne pathogen","F. tularensis"
"MBSF20","Helicobacter",0,2,"Wastewater_Daphnia","LRV_12_3","D1","Waterborne pathogen","H. pylori"
"MBSF20","Klebsiella",0,2,"Wastewater_Daphnia","LRV_12_3","D1","Opportunistic pathogen","K. pneumoniae"
"MBSF20","Legionella",0,2,"Wastewater_Daphnia","LRV_12_3","D1","Opportunistic pathogen","L. pneumophila"
"MBSF20","Leptospira",0,2,"Wastewater_Daphnia","LRV_12_3","D1","Waterborne pathogen","L. interrogans"
"MBSF20","Mycobacterium",0.000559020830881488,2,"Wastewater_Daphnia","LRV_12_3","D1","Opportunistic pathogen","Non-tuberculous mycobacteria (M. avium complex)"
"MBSF20","Pseudomonas",0.0272154878192303,2,"Wastewater_Daphnia","LRV_12_3","D1","Opportunistic pathogen","P. aeruginosa"
"MBSF20","Salmonella",0,2,"Wastewater_Daphnia","LRV_12_3","D1","Waterborne pathogen","S. Typhi; other salmonellae"
"MBSF20","Staphylococcus",0,2,"Wastewater_Daphnia","LRV_12_3","D1","Opportunistic pathogen","S. aureus"
"MBSF20","Stenotrophomonas",0,2,"Wastewater_Daphnia","LRV_12_3","D1","Opportunistic pathogen","S. maltophilia"
"MBSF20","Vibrio",0,2,"Wastewater_Daphnia","LRV_12_3","D1","Waterborne pathogen","V. cholerae O1 and O139"
"MBSF20","Yersinia",0,2,"Wastewater_Daphnia","LRV_12_3","D1","Waterborne pathogen","Y. enterocolitica"
"MBSF22","Acinetobacter",0.00786765723778321,1,"Wastewater_Daphnia","LRV_12_3","D2","Opportunistic pathogen","A. baumannii"
"MBSF22","Aeromonas",0,1,"Wastewater_Daphnia","LRV_12_3","D2","Opportunistic pathogen","A. hydrophila; A. caviae"
"MBSF22","Arcobacter",0,1,"Wastewater_Daphnia","LRV_12_3","D2","Emerging pathogen","A. butzleri"
"MBSF22","Bacteroides",0,1,"Wastewater_Daphnia","LRV_12_3","D2","Faecal indicator","Human faecal marker"
"MBSF22","Burkholderia",0,1,"Wastewater_Daphnia","LRV_12_3","D2","Waterborne pathogen","B. pseudomallei"
"MBSF22","Campylobacter",0,1,"Wastewater_Daphnia","LRV_12_3","D2","Waterborne pathogen","C. jejuni; C. coli"
"MBSF22","Clostridium sensu stricto",0,1,"Wastewater_Daphnia","LRV_12_3","D2","Faecal indicator","C. perfringens"
"MBSF22","Enterococcus",0,1,"Wastewater_Daphnia","LRV_12_3","D2","Faecal indicator","Intestinal enterococci"
"MBSF22","Escherichia-Shigella",0,1,"Wastewater_Daphnia","LRV_12_3","D2","Waterborne pathogen","Pathogenic E. coli (incl. O157); Shigella spp."
"MBSF22","Francisella",0,1,"Wastewater_Daphnia","LRV_12_3","D2","Waterborne pathogen","F. tularensis"
"MBSF22","Helicobacter",0,1,"Wastewater_Daphnia","LRV_12_3","D2","Waterborne pathogen","H. pylori"
"MBSF22","Klebsiella",0,1,"Wastewater_Daphnia","LRV_12_3","D2","Opportunistic pathogen","K. pneumoniae"
"MBSF22","Legionella",0.000576807715380001,1,"Wastewater_Daphnia","LRV_12_3","D2","Opportunistic pathogen","L. pneumophila"
"MBSF22","Leptospira",0,1,"Wastewater_Daphnia","LRV_12_3","D2","Waterborne pathogen","L. interrogans"
"MBSF22","Mycobacterium",0.0001845784689216,1,"Wastewater_Daphnia","LRV_12_3","D2","Opportunistic pathogen","Non-tuberculous mycobacteria (M. avium complex)"
"MBSF22","Pseudomonas",0.0153661575377232,1,"Wastewater_Daphnia","LRV_12_3","D2","Opportunistic pathogen","P. aeruginosa"
"MBSF22","Salmonella",0,1,"Wastewater_Daphnia","LRV_12_3","D2","Waterborne pathogen","S. Typhi; other salmonellae"
"MBSF22","Staphylococcus",0,1,"Wastewater_Daphnia","LRV_12_3","D2","Opportunistic pathogen","S. aureus"
"MBSF22","Stenotrophomonas",0,1,"Wastewater_Daphnia","LRV_12_3","D2","Opportunistic pathogen","S. maltophilia"
"MBSF22","Vibrio",0,1,"Wastewater_Daphnia","LRV_12_3","D2","Waterborne pathogen","V. cholerae O1 and O139"
"MBSF22","Yersinia",0,1,"Wastewater_Daphnia","LRV_12_3","D2","Waterborne pathogen","Y. enterocolitica"
"MBSF23","Acinetobacter",0.00197086119149785,2,"Wastewater_Daphnia","LRV_12_3","D2","Opportunistic pathogen","A. baumannii"
"MBSF23","Aeromonas",0.000773375910587766,2,"Wastewater_Daphnia","LRV_12_3","D2","Opportunistic pathogen","A. hydrophila; A. caviae"
"MBSF23","Arcobacter",0,2,"Wastewater_Daphnia","LRV_12_3","D2","Emerging pathogen","A. butzleri"
"MBSF23","Bacteroides",0,2,"Wastewater_Daphnia","LRV_12_3","D2","Faecal indicator","Human faecal marker"
"MBSF23","Burkholderia",0,2,"Wastewater_Daphnia","LRV_12_3","D2","Waterborne pathogen","B. pseudomallei"
"MBSF23","Campylobacter",0,2,"Wastewater_Daphnia","LRV_12_3","D2","Waterborne pathogen","C. jejuni; C. coli"
"MBSF23","Clostridium sensu stricto",0,2,"Wastewater_Daphnia","LRV_12_3","D2","Faecal indicator","C. perfringens"
"MBSF23","Enterococcus",0,2,"Wastewater_Daphnia","LRV_12_3","D2","Faecal indicator","Intestinal enterococci"
"MBSF23","Escherichia-Shigella",0,2,"Wastewater_Daphnia","LRV_12_3","D2","Waterborne pathogen","Pathogenic E. coli (incl. O157); Shigella spp."
"MBSF23","Francisella",0,2,"Wastewater_Daphnia","LRV_12_3","D2","Waterborne pathogen","F. tularensis"
"MBSF23","Helicobacter",0,2,"Wastewater_Daphnia","LRV_12_3","D2","Waterborne pathogen","H. pylori"
"MBSF23","Klebsiella",0,2,"Wastewater_Daphnia","LRV_12_3","D2","Opportunistic pathogen","K. pneumoniae"
"MBSF23","Legionella",0.000249476100189602,2,"Wastewater_Daphnia","LRV_12_3","D2","Opportunistic pathogen","L. pneumophila"
"MBSF23","Leptospira",0,2,"Wastewater_Daphnia","LRV_12_3","D2","Waterborne pathogen","L. interrogans"
"MBSF23","Mycobacterium",0.000698533080530885,2,"Wastewater_Daphnia","LRV_12_3","D2","Opportunistic pathogen","Non-tuberculous mycobacteria (M. avium complex)"
"MBSF23","Pseudomonas",0.0229767488274623,2,"Wastewater_Daphnia","LRV_12_3","D2","Opportunistic pathogen","P. aeruginosa"
"MBSF23","Salmonella",0,2,"Wastewater_Daphnia","LRV_12_3","D2","Waterborne pathogen","S. Typhi; other salmonellae"
"MBSF23","Staphylococcus",0,2,"Wastewater_Daphnia","LRV_12_3","D2","Opportunistic pathogen","S. aureus"
"MBSF23","Stenotrophomonas",0,2,"Wastewater_Daphnia","LRV_12_3","D2","Opportunistic pathogen","S. maltophilia"
"MBSF23","Vibrio",0,2,"Wastewater_Daphnia","LRV_12_3","D2","Waterborne pathogen","V. cholerae O1 and O139"
"MBSF23","Yersinia",0,2,"Wastewater_Daphnia","LRV_12_3","D2","Waterborne pathogen","Y. enterocolitica"
"MBSF24","Acinetobacter",0,3,"Wastewater_Daphnia","LRV_12_3","D2","Opportunistic pathogen","A. baumannii"
"MBSF24","Aeromonas",0.000151084027900184,3,"Wastewater_Daphnia","LRV_12_3","D2","Opportunistic pathogen","A. hydrophila; A. caviae"
"MBSF24","Arcobacter",0.000302168055800368,3,"Wastewater_Daphnia","LRV_12_3","D2","Emerging pathogen","A. butzleri"
"MBSF24","Bacteroides",0,3,"Wastewater_Daphnia","LRV_12_3","D2","Faecal indicator","Human faecal marker"
"MBSF24","Burkholderia",0,3,"Wastewater_Daphnia","LRV_12_3","D2","Waterborne pathogen","B. pseudomallei"
"MBSF24","Campylobacter",0,3,"Wastewater_Daphnia","LRV_12_3","D2","Waterborne pathogen","C. jejuni; C. coli"
"MBSF24","Clostridium sensu stricto",0.000151084027900184,3,"Wastewater_Daphnia","LRV_12_3","D2","Faecal indicator","C. perfringens"
"MBSF24","Enterococcus",0,3,"Wastewater_Daphnia","LRV_12_3","D2","Faecal indicator","Intestinal enterococci"
"MBSF24","Escherichia-Shigella",0,3,"Wastewater_Daphnia","LRV_12_3","D2","Waterborne pathogen","Pathogenic E. coli (incl. O157); Shigella spp."
"MBSF24","Francisella",0,3,"Wastewater_Daphnia","LRV_12_3","D2","Waterborne pathogen","F. tularensis"
"MBSF24","Helicobacter",0,3,"Wastewater_Daphnia","LRV_12_3","D2","Waterborne pathogen","H. pylori"
"MBSF24","Klebsiella",0,3,"Wastewater_Daphnia","LRV_12_3","D2","Opportunistic pathogen","K. pneumoniae"
"MBSF24","Legionella",0,3,"Wastewater_Daphnia","LRV_12_3","D2","Opportunistic pathogen","L. pneumophila"
"MBSF24","Leptospira",7.55420139500919e-05,3,"Wastewater_Daphnia","LRV_12_3","D2","Waterborne pathogen","L. interrogans"
"MBSF24","Mycobacterium",0.00231662176113615,3,"Wastewater_Daphnia","LRV_12_3","D2","Opportunistic pathogen","Non-tuberculous mycobacteria (M. avium complex)"
"MBSF24","Pseudomonas",0.00146047893636844,3,"Wastewater_Daphnia","LRV_12_3","D2","Opportunistic pathogen","P. aeruginosa"
"MBSF24","Salmonella",0,3,"Wastewater_Daphnia","LRV_12_3","D2","Waterborne pathogen","S. Typhi; other salmonellae"
"MBSF24","Staphylococcus",0,3,"Wastewater_Daphnia","LRV_12_3","D2","Opportunistic pathogen","S. aureus"
"MBSF24","Stenotrophomonas",0,3,"Wastewater_Daphnia","LRV_12_3","D2","Opportunistic pathogen","S. maltophilia"
"MBSF24","Vibrio",0,3,"Wastewater_Daphnia","LRV_12_3","D2","Waterborne pathogen","V. cholerae O1 and O139"
"MBSF24","Yersinia",0,3,"Wastewater_Daphnia","LRV_12_3","D2","Waterborne pathogen","Y. enterocolitica"
"MBSF25","Acinetobacter",0.000792201219109654,1,"Wastewater_Daphnia","LRV_12_3","D3","Opportunistic pathogen","A. baumannii"
"MBSF25","Aeromonas",0.00050612855665339,1,"Wastewater_Daphnia","LRV_12_3","D3","Opportunistic pathogen","A. hydrophila; A. caviae"
"MBSF25","Arcobacter",0,1,"Wastewater_Daphnia","LRV_12_3","D3","Emerging pathogen","A. butzleri"
"MBSF25","Bacteroides",0,1,"Wastewater_Daphnia","LRV_12_3","D3","Faecal indicator","Human faecal marker"
"MBSF25","Burkholderia",0,1,"Wastewater_Daphnia","LRV_12_3","D3","Waterborne pathogen","B. pseudomallei"
"MBSF25","Campylobacter",0,1,"Wastewater_Daphnia","LRV_12_3","D3","Waterborne pathogen","C. jejuni; C. coli"
"MBSF25","Clostridium sensu stricto",0,1,"Wastewater_Daphnia","LRV_12_3","D3","Faecal indicator","C. perfringens"
"MBSF25","Enterococcus",0,1,"Wastewater_Daphnia","LRV_12_3","D3","Faecal indicator","Intestinal enterococci"
"MBSF25","Escherichia-Shigella",0,1,"Wastewater_Daphnia","LRV_12_3","D3","Waterborne pathogen","Pathogenic E. coli (incl. O157); Shigella spp."
"MBSF25","Francisella",0,1,"Wastewater_Daphnia","LRV_12_3","D3","Waterborne pathogen","F. tularensis"
"MBSF25","Helicobacter",0,1,"Wastewater_Daphnia","LRV_12_3","D3","Waterborne pathogen","H. pylori"
"MBSF25","Klebsiella",0,1,"Wastewater_Daphnia","LRV_12_3","D3","Opportunistic pathogen","K. pneumoniae"
"MBSF25","Legionella",0,1,"Wastewater_Daphnia","LRV_12_3","D3","Opportunistic pathogen","L. pneumophila"
"MBSF25","Leptospira",0,1,"Wastewater_Daphnia","LRV_12_3","D3","Waterborne pathogen","L. interrogans"
"MBSF25","Mycobacterium",0.000770195629689941,1,"Wastewater_Daphnia","LRV_12_3","D3","Opportunistic pathogen","Non-tuberculous mycobacteria (M. avium complex)"
"MBSF25","Pseudomonas",0.00176044715357701,1,"Wastewater_Daphnia","LRV_12_3","D3","Opportunistic pathogen","P. aeruginosa"
"MBSF25","Salmonella",0,1,"Wastewater_Daphnia","LRV_12_3","D3","Waterborne pathogen","S. Typhi; other salmonellae"
"MBSF25","Staphylococcus",0,1,"Wastewater_Daphnia","LRV_12_3","D3","Opportunistic pathogen","S. aureus"
"MBSF25","Stenotrophomonas",0,1,"Wastewater_Daphnia","LRV_12_3","D3","Opportunistic pathogen","S. maltophilia"
"MBSF25","Vibrio",0,1,"Wastewater_Daphnia","LRV_12_3","D3","Waterborne pathogen","V. cholerae O1 and O139"
"MBSF25","Yersinia",0,1,"Wastewater_Daphnia","LRV_12_3","D3","Waterborne pathogen","Y. enterocolitica"
"MBSF26","Acinetobacter",0.00584341853831455,2,"Wastewater_Daphnia","LRV_12_3","D3","Opportunistic pathogen","A. baumannii"
"MBSF26","Aeromonas",0.000304633193940569,2,"Wastewater_Daphnia","LRV_12_3","D3","Opportunistic pathogen","A. hydrophila; A. caviae"
"MBSF26","Arcobacter",0,2,"Wastewater_Daphnia","LRV_12_3","D3","Emerging pathogen","A. butzleri"
"MBSF26","Bacteroides",0,2,"Wastewater_Daphnia","LRV_12_3","D3","Faecal indicator","Human faecal marker"
"MBSF26","Burkholderia",0,2,"Wastewater_Daphnia","LRV_12_3","D3","Waterborne pathogen","B. pseudomallei"
"MBSF26","Campylobacter",0,2,"Wastewater_Daphnia","LRV_12_3","D3","Waterborne pathogen","C. jejuni; C. coli"
"MBSF26","Clostridium sensu stricto",0,2,"Wastewater_Daphnia","LRV_12_3","D3","Faecal indicator","C. perfringens"
"MBSF26","Enterococcus",0,2,"Wastewater_Daphnia","LRV_12_3","D3","Faecal indicator","Intestinal enterococci"
"MBSF26","Escherichia-Shigella",0,2,"Wastewater_Daphnia","LRV_12_3","D3","Waterborne pathogen","Pathogenic E. coli (incl. O157); Shigella spp."
"MBSF26","Francisella",0,2,"Wastewater_Daphnia","LRV_12_3","D3","Waterborne pathogen","F. tularensis"
"MBSF26","Helicobacter",0,2,"Wastewater_Daphnia","LRV_12_3","D3","Waterborne pathogen","H. pylori"
"MBSF26","Klebsiella",0,2,"Wastewater_Daphnia","LRV_12_3","D3","Opportunistic pathogen","K. pneumoniae"
"MBSF26","Legionella",0.000276939267218699,2,"Wastewater_Daphnia","LRV_12_3","D3","Opportunistic pathogen","L. pneumophila"
"MBSF26","Leptospira",0,2,"Wastewater_Daphnia","LRV_12_3","D3","Waterborne pathogen","L. interrogans"
"MBSF26","Mycobacterium",0.000526184607715528,2,"Wastewater_Daphnia","LRV_12_3","D3","Opportunistic pathogen","Non-tuberculous mycobacteria (M. avium complex)"
"MBSF26","Pseudomonas",0.0387714974106179,2,"Wastewater_Daphnia","LRV_12_3","D3","Opportunistic pathogen","P. aeruginosa"
"MBSF26","Salmonella",0,2,"Wastewater_Daphnia","LRV_12_3","D3","Waterborne pathogen","S. Typhi; other salmonellae"
"MBSF26","Staphylococcus",0,2,"Wastewater_Daphnia","LRV_12_3","D3","Opportunistic pathogen","S. aureus"
"MBSF26","Stenotrophomonas",0,2,"Wastewater_Daphnia","LRV_12_3","D3","Opportunistic pathogen","S. maltophilia"
"MBSF26","Vibrio",0,2,"Wastewater_Daphnia","LRV_12_3","D3","Waterborne pathogen","V. cholerae O1 and O139"
"MBSF26","Yersinia",0,2,"Wastewater_Daphnia","LRV_12_3","D3","Waterborne pathogen","Y. enterocolitica"
"MBSF28","Acinetobacter",0.00288920244574347,1,"Wastewater_Daphnia","LR2_36_1","D1","Opportunistic pathogen","A. baumannii"
"MBSF28","Aeromonas",0,1,"Wastewater_Daphnia","LR2_36_1","D1","Opportunistic pathogen","A. hydrophila; A. caviae"
"MBSF28","Arcobacter",0.000604716790969563,1,"Wastewater_Daphnia","LR2_36_1","D1","Emerging pathogen","A. butzleri"
"MBSF28","Bacteroides",0,1,"Wastewater_Daphnia","LR2_36_1","D1","Faecal indicator","Human faecal marker"
"MBSF28","Burkholderia",0,1,"Wastewater_Daphnia","LR2_36_1","D1","Waterborne pathogen","B. pseudomallei"
"MBSF28","Campylobacter",0,1,"Wastewater_Daphnia","LR2_36_1","D1","Waterborne pathogen","C. jejuni; C. coli"
"MBSF28","Clostridium sensu stricto",0.000369549150036955,1,"Wastewater_Daphnia","LR2_36_1","D1","Faecal indicator","C. perfringens"
"MBSF28","Enterococcus",0,1,"Wastewater_Daphnia","LR2_36_1","D1","Faecal indicator","Intestinal enterococci"
"MBSF28","Escherichia-Shigella",0,1,"Wastewater_Daphnia","LR2_36_1","D1","Waterborne pathogen","Pathogenic E. coli (incl. O157); Shigella spp."
"MBSF28","Francisella",0,1,"Wastewater_Daphnia","LR2_36_1","D1","Waterborne pathogen","F. tularensis"
"MBSF28","Helicobacter",0,1,"Wastewater_Daphnia","LR2_36_1","D1","Waterborne pathogen","H. pylori"
"MBSF28","Klebsiella",0,1,"Wastewater_Daphnia","LR2_36_1","D1","Opportunistic pathogen","K. pneumoniae"
"MBSF28","Legionella",0.000335953772760868,1,"Wastewater_Daphnia","LR2_36_1","D1","Opportunistic pathogen","L. pneumophila"
"MBSF28","Leptospira",0.000470335281865215,1,"Wastewater_Daphnia","LR2_36_1","D1","Waterborne pathogen","L. interrogans"
"MBSF28","Mycobacterium",0.00419942215951085,1,"Wastewater_Daphnia","LR2_36_1","D1","Opportunistic pathogen","Non-tuberculous mycobacteria (M. avium complex)"
"MBSF28","Pseudomonas",0.0174360008062891,1,"Wastewater_Daphnia","LR2_36_1","D1","Opportunistic pathogen","P. aeruginosa"
"MBSF28","Salmonella",0,1,"Wastewater_Daphnia","LR2_36_1","D1","Waterborne pathogen","S. Typhi; other salmonellae"
"MBSF28","Staphylococcus",0,1,"Wastewater_Daphnia","LR2_36_1","D1","Opportunistic pathogen","S. aureus"
"MBSF28","Stenotrophomonas",0,1,"Wastewater_Daphnia","LR2_36_1","D1","Opportunistic pathogen","S. maltophilia"
"MBSF28","Vibrio",0,1,"Wastewater_Daphnia","LR2_36_1","D1","Waterborne pathogen","V. cholerae O1 and O139"
"MBSF28","Yersinia",0,1,"Wastewater_Daphnia","LR2_36_1","D1","Waterborne pathogen","Y. enterocolitica"
"MBSF3","Acinetobacter",0.0213521982104209,3,"Wastewater_Daphnia","LRV_0_1","D1","Opportunistic pathogen","A. baumannii"
"MBSF3","Aeromonas",0,3,"Wastewater_Daphnia","LRV_0_1","D1","Opportunistic pathogen","A. hydrophila; A. caviae"
"MBSF3","Arcobacter",0,3,"Wastewater_Daphnia","LRV_0_1","D1","Emerging pathogen","A. butzleri"
"MBSF3","Bacteroides",0,3,"Wastewater_Daphnia","LRV_0_1","D1","Faecal indicator","Human faecal marker"
"MBSF3","Burkholderia",0,3,"Wastewater_Daphnia","LRV_0_1","D1","Waterborne pathogen","B. pseudomallei"
"MBSF3","Campylobacter",0,3,"Wastewater_Daphnia","LRV_0_1","D1","Waterborne pathogen","C. jejuni; C. coli"
"MBSF3","Clostridium sensu stricto",0,3,"Wastewater_Daphnia","LRV_0_1","D1","Faecal indicator","C. perfringens"
"MBSF3","Enterococcus",0,3,"Wastewater_Daphnia","LRV_0_1","D1","Faecal indicator","Intestinal enterococci"
"MBSF3","Escherichia-Shigella",0,3,"Wastewater_Daphnia","LRV_0_1","D1","Waterborne pathogen","Pathogenic E. coli (incl. O157); Shigella spp."
"MBSF3","Francisella",0,3,"Wastewater_Daphnia","LRV_0_1","D1","Waterborne pathogen","F. tularensis"
"MBSF3","Helicobacter",0,3,"Wastewater_Daphnia","LRV_0_1","D1","Waterborne pathogen","H. pylori"
"MBSF3","Klebsiella",0,3,"Wastewater_Daphnia","LRV_0_1","D1","Opportunistic pathogen","K. pneumoniae"
"MBSF3","Legionella",0,3,"Wastewater_Daphnia","LRV_0_1","D1","Opportunistic pathogen","L. pneumophila"
"MBSF3","Leptospira",0,3,"Wastewater_Daphnia","LRV_0_1","D1","Waterborne pathogen","L. interrogans"
"MBSF3","Mycobacterium",0.00035533158897826,3,"Wastewater_Daphnia","LRV_0_1","D1","Opportunistic pathogen","Non-tuberculous mycobacteria (M. avium complex)"
"MBSF3","Pseudomonas",0.0190909971896502,3,"Wastewater_Daphnia","LRV_0_1","D1","Opportunistic pathogen","P. aeruginosa"
"MBSF3","Salmonella",0,3,"Wastewater_Daphnia","LRV_0_1","D1","Waterborne pathogen","S. Typhi; other salmonellae"
"MBSF3","Staphylococcus",0,3,"Wastewater_Daphnia","LRV_0_1","D1","Opportunistic pathogen","S. aureus"
"MBSF3","Stenotrophomonas",0,3,"Wastewater_Daphnia","LRV_0_1","D1","Opportunistic pathogen","S. maltophilia"
"MBSF3","Vibrio",0,3,"Wastewater_Daphnia","LRV_0_1","D1","Waterborne pathogen","V. cholerae O1 and O139"
"MBSF3","Yersinia",0,3,"Wastewater_Daphnia","LRV_0_1","D1","Waterborne pathogen","Y. enterocolitica"
"MBSF30","Acinetobacter",0.0081540667895923,3,"Wastewater_Daphnia","LR2_36_1","D1","Opportunistic pathogen","A. baumannii"
"MBSF30","Aeromonas",0,3,"Wastewater_Daphnia","LR2_36_1","D1","Opportunistic pathogen","A. hydrophila; A. caviae"
"MBSF30","Arcobacter",0,3,"Wastewater_Daphnia","LR2_36_1","D1","Emerging pathogen","A. butzleri"
"MBSF30","Bacteroides",0,3,"Wastewater_Daphnia","LR2_36_1","D1","Faecal indicator","Human faecal marker"
"MBSF30","Burkholderia",0,3,"Wastewater_Daphnia","LR2_36_1","D1","Waterborne pathogen","B. pseudomallei"
"MBSF30","Campylobacter",0,3,"Wastewater_Daphnia","LR2_36_1","D1","Waterborne pathogen","C. jejuni; C. coli"
"MBSF30","Clostridium sensu stricto",0,3,"Wastewater_Daphnia","LR2_36_1","D1","Faecal indicator","C. perfringens"
"MBSF30","Enterococcus",0,3,"Wastewater_Daphnia","LR2_36_1","D1","Faecal indicator","Intestinal enterococci"
"MBSF30","Escherichia-Shigella",0,3,"Wastewater_Daphnia","LR2_36_1","D1","Waterborne pathogen","Pathogenic E. coli (incl. O157); Shigella spp."
"MBSF30","Francisella",0,3,"Wastewater_Daphnia","LR2_36_1","D1","Waterborne pathogen","F. tularensis"
"MBSF30","Helicobacter",0,3,"Wastewater_Daphnia","LR2_36_1","D1","Waterborne pathogen","H. pylori"
"MBSF30","Klebsiella",0,3,"Wastewater_Daphnia","LR2_36_1","D1","Opportunistic pathogen","K. pneumoniae"
"MBSF30","Legionella",0,3,"Wastewater_Daphnia","LR2_36_1","D1","Opportunistic pathogen","L. pneumophila"
"MBSF30","Leptospira",0,3,"Wastewater_Daphnia","LR2_36_1","D1","Waterborne pathogen","L. interrogans"
"MBSF30","Mycobacterium",0.00192583486990371,3,"Wastewater_Daphnia","LR2_36_1","D1","Opportunistic pathogen","Non-tuberculous mycobacteria (M. avium complex)"
"MBSF30","Pseudomonas",0.0486785494775661,3,"Wastewater_Daphnia","LR2_36_1","D1","Opportunistic pathogen","P. aeruginosa"
"MBSF30","Salmonella",0,3,"Wastewater_Daphnia","LR2_36_1","D1","Waterborne pathogen","S. Typhi; other salmonellae"
"MBSF30","Staphylococcus",0,3,"Wastewater_Daphnia","LR2_36_1","D1","Opportunistic pathogen","S. aureus"
"MBSF30","Stenotrophomonas",0,3,"Wastewater_Daphnia","LR2_36_1","D1","Opportunistic pathogen","S. maltophilia"
"MBSF30","Vibrio",0,3,"Wastewater_Daphnia","LR2_36_1","D1","Waterborne pathogen","V. cholerae O1 and O139"
"MBSF30","Yersinia",0,3,"Wastewater_Daphnia","LR2_36_1","D1","Waterborne pathogen","Y. enterocolitica"
"MBSF31","Acinetobacter",0.00682200761938513,1,"Wastewater_Daphnia","LR2_36_1","D2","Opportunistic pathogen","A. baumannii"
"MBSF31","Aeromonas",0,1,"Wastewater_Daphnia","LR2_36_1","D2","Opportunistic pathogen","A. hydrophila; A. caviae"
"MBSF31","Arcobacter",0,1,"Wastewater_Daphnia","LR2_36_1","D2","Emerging pathogen","A. butzleri"
"MBSF31","Bacteroides",0,1,"Wastewater_Daphnia","LR2_36_1","D2","Faecal indicator","Human faecal marker"
"MBSF31","Burkholderia",0,1,"Wastewater_Daphnia","LR2_36_1","D2","Waterborne pathogen","B. pseudomallei"
"MBSF31","Campylobacter",0,1,"Wastewater_Daphnia","LR2_36_1","D2","Waterborne pathogen","C. jejuni; C. coli"
"MBSF31","Clostridium sensu stricto",0,1,"Wastewater_Daphnia","LR2_36_1","D2","Faecal indicator","C. perfringens"
"MBSF31","Enterococcus",0,1,"Wastewater_Daphnia","LR2_36_1","D2","Faecal indicator","Intestinal enterococci"
"MBSF31","Escherichia-Shigella",0,1,"Wastewater_Daphnia","LR2_36_1","D2","Waterborne pathogen","Pathogenic E. coli (incl. O157); Shigella spp."
"MBSF31","Francisella",0,1,"Wastewater_Daphnia","LR2_36_1","D2","Waterborne pathogen","F. tularensis"
"MBSF31","Helicobacter",0,1,"Wastewater_Daphnia","LR2_36_1","D2","Waterborne pathogen","H. pylori"
"MBSF31","Klebsiella",0,1,"Wastewater_Daphnia","LR2_36_1","D2","Opportunistic pathogen","K. pneumoniae"
"MBSF31","Legionella",0.000132896252325684,1,"Wastewater_Daphnia","LR2_36_1","D2","Opportunistic pathogen","L. pneumophila"
"MBSF31","Leptospira",0,1,"Wastewater_Daphnia","LR2_36_1","D2","Waterborne pathogen","L. interrogans"
"MBSF31","Mycobacterium",0.00101887126783025,1,"Wastewater_Daphnia","LR2_36_1","D2","Opportunistic pathogen","Non-tuberculous mycobacteria (M. avium complex)"
"MBSF31","Pseudomonas",0.0160804465314078,1,"Wastewater_Daphnia","LR2_36_1","D2","Opportunistic pathogen","P. aeruginosa"
"MBSF31","Salmonella",0,1,"Wastewater_Daphnia","LR2_36_1","D2","Waterborne pathogen","S. Typhi; other salmonellae"
"MBSF31","Staphylococcus",0,1,"Wastewater_Daphnia","LR2_36_1","D2","Opportunistic pathogen","S. aureus"
"MBSF31","Stenotrophomonas",0,1,"Wastewater_Daphnia","LR2_36_1","D2","Opportunistic pathogen","S. maltophilia"
"MBSF31","Vibrio",0,1,"Wastewater_Daphnia","LR2_36_1","D2","Waterborne pathogen","V. cholerae O1 and O139"
"MBSF31","Yersinia",0,1,"Wastewater_Daphnia","LR2_36_1","D2","Waterborne pathogen","Y. enterocolitica"
"MBSF32","Acinetobacter",0.00427799731718812,2,"Wastewater_Daphnia","LR2_36_1","D2","Opportunistic pathogen","A. baumannii"
"MBSF32","Aeromonas",0,2,"Wastewater_Daphnia","LR2_36_1","D2","Opportunistic pathogen","A. hydrophila; A. caviae"
"MBSF32","Arcobacter",0,2,"Wastewater_Daphnia","LR2_36_1","D2","Emerging pathogen","A. butzleri"
"MBSF32","Bacteroides",0,2,"Wastewater_Daphnia","LR2_36_1","D2","Faecal indicator","Human faecal marker"
"MBSF32","Burkholderia",0,2,"Wastewater_Daphnia","LR2_36_1","D2","Waterborne pathogen","B. pseudomallei"
"MBSF32","Campylobacter",0,2,"Wastewater_Daphnia","LR2_36_1","D2","Waterborne pathogen","C. jejuni; C. coli"
"MBSF32","Clostridium sensu stricto",0.000326287930971975,2,"Wastewater_Daphnia","LR2_36_1","D2","Faecal indicator","C. perfringens"
"MBSF32","Enterococcus",0,2,"Wastewater_Daphnia","LR2_36_1","D2","Faecal indicator","Intestinal enterococci"
"MBSF32","Escherichia-Shigella",0,2,"Wastewater_Daphnia","LR2_36_1","D2","Waterborne pathogen","Pathogenic E. coli (incl. O157); Shigella spp."
"MBSF32","Francisella",0,2,"Wastewater_Daphnia","LR2_36_1","D2","Waterborne pathogen","F. tularensis"
"MBSF32","Helicobacter",0,2,"Wastewater_Daphnia","LR2_36_1","D2","Waterborne pathogen","H. pylori"
"MBSF32","Klebsiella",0,2,"Wastewater_Daphnia","LR2_36_1","D2","Opportunistic pathogen","K. pneumoniae"
"MBSF32","Legionella",0,2,"Wastewater_Daphnia","LR2_36_1","D2","Opportunistic pathogen","L. pneumophila"
"MBSF32","Leptospira",0,2,"Wastewater_Daphnia","LR2_36_1","D2","Waterborne pathogen","L. interrogans"
"MBSF32","Mycobacterium",0.00300909980785266,2,"Wastewater_Daphnia","LR2_36_1","D2","Opportunistic pathogen","Non-tuberculous mycobacteria (M. avium complex)"
"MBSF32","Pseudomonas",0.0934271109016423,2,"Wastewater_Daphnia","LR2_36_1","D2","Opportunistic pathogen","P. aeruginosa"
"MBSF32","Salmonella",0,2,"Wastewater_Daphnia","LR2_36_1","D2","Waterborne pathogen","S. Typhi; other salmonellae"
"MBSF32","Staphylococcus",0,2,"Wastewater_Daphnia","LR2_36_1","D2","Opportunistic pathogen","S. aureus"
"MBSF32","Stenotrophomonas",0,2,"Wastewater_Daphnia","LR2_36_1","D2","Opportunistic pathogen","S. maltophilia"
"MBSF32","Vibrio",0,2,"Wastewater_Daphnia","LR2_36_1","D2","Waterborne pathogen","V. cholerae O1 and O139"
"MBSF32","Yersinia",0,2,"Wastewater_Daphnia","LR2_36_1","D2","Waterborne pathogen","Y. enterocolitica"
"MBSF4","Acinetobacter",0.027404277116148,1,"Wastewater_Daphnia","LRV_0_1","D2","Opportunistic pathogen","A. baumannii"
"MBSF4","Aeromonas",0,1,"Wastewater_Daphnia","LRV_0_1","D2","Opportunistic pathogen","A. hydrophila; A. caviae"
"MBSF4","Arcobacter",0,1,"Wastewater_Daphnia","LRV_0_1","D2","Emerging pathogen","A. butzleri"
"MBSF4","Bacteroides",0,1,"Wastewater_Daphnia","LRV_0_1","D2","Faecal indicator","Human faecal marker"
"MBSF4","Burkholderia",0,1,"Wastewater_Daphnia","LRV_0_1","D2","Waterborne pathogen","B. pseudomallei"
"MBSF4","Campylobacter",0,1,"Wastewater_Daphnia","LRV_0_1","D2","Waterborne pathogen","C. jejuni; C. coli"
"MBSF4","Clostridium sensu stricto",9.60430272762198e-05,1,"Wastewater_Daphnia","LRV_0_1","D2","Faecal indicator","C. perfringens"
"MBSF4","Enterococcus",0,1,"Wastewater_Daphnia","LRV_0_1","D2","Faecal indicator","Intestinal enterococci"
"MBSF4","Escherichia-Shigella",0,1,"Wastewater_Daphnia","LRV_0_1","D2","Waterborne pathogen","Pathogenic E. coli (incl. O157); Shigella spp."
"MBSF4","Francisella",0,1,"Wastewater_Daphnia","LRV_0_1","D2","Waterborne pathogen","F. tularensis"
"MBSF4","Helicobacter",0,1,"Wastewater_Daphnia","LRV_0_1","D2","Waterborne pathogen","H. pylori"
"MBSF4","Klebsiella",0,1,"Wastewater_Daphnia","LRV_0_1","D2","Opportunistic pathogen","K. pneumoniae"
"MBSF4","Legionella",0.000576258163657318,1,"Wastewater_Daphnia","LRV_0_1","D2","Opportunistic pathogen","L. pneumophila"
"MBSF4","Leptospira",0,1,"Wastewater_Daphnia","LRV_0_1","D2","Waterborne pathogen","L. interrogans"
"MBSF4","Mycobacterium",0.000352157766679472,1,"Wastewater_Daphnia","LRV_0_1","D2","Opportunistic pathogen","Non-tuberculous mycobacteria (M. avium complex)"
"MBSF4","Pseudomonas",0.0142783967217313,1,"Wastewater_Daphnia","LRV_0_1","D2","Opportunistic pathogen","P. aeruginosa"
"MBSF4","Salmonella",0,1,"Wastewater_Daphnia","LRV_0_1","D2","Waterborne pathogen","S. Typhi; other salmonellae"
"MBSF4","Staphylococcus",0,1,"Wastewater_Daphnia","LRV_0_1","D2","Opportunistic pathogen","S. aureus"
"MBSF4","Stenotrophomonas",0,1,"Wastewater_Daphnia","LRV_0_1","D2","Opportunistic pathogen","S. maltophilia"
"MBSF4","Vibrio",0,1,"Wastewater_Daphnia","LRV_0_1","D2","Waterborne pathogen","V. cholerae O1 and O139"
"MBSF4","Yersinia",0,1,"Wastewater_Daphnia","LRV_0_1","D2","Waterborne pathogen","Y. enterocolitica"
"MBSF5","Acinetobacter",0.00324527031899805,2,"Wastewater_Daphnia","LRV_0_1","D2","Opportunistic pathogen","A. baumannii"
"MBSF5","Aeromonas",0,2,"Wastewater_Daphnia","LRV_0_1","D2","Opportunistic pathogen","A. hydrophila; A. caviae"
"MBSF5","Arcobacter",0,2,"Wastewater_Daphnia","LRV_0_1","D2","Emerging pathogen","A. butzleri"
"MBSF5","Bacteroides",0,2,"Wastewater_Daphnia","LRV_0_1","D2","Faecal indicator","Human faecal marker"
"MBSF5","Burkholderia",0,2,"Wastewater_Daphnia","LRV_0_1","D2","Waterborne pathogen","B. pseudomallei"
"MBSF5","Campylobacter",0,2,"Wastewater_Daphnia","LRV_0_1","D2","Waterborne pathogen","C. jejuni; C. coli"
"MBSF5","Clostridium sensu stricto",0.000288468472799827,2,"Wastewater_Daphnia","LRV_0_1","D2","Faecal indicator","C. perfringens"
"MBSF5","Enterococcus",0,2,"Wastewater_Daphnia","LRV_0_1","D2","Faecal indicator","Intestinal enterococci"
"MBSF5","Escherichia-Shigella",0,2,"Wastewater_Daphnia","LRV_0_1","D2","Waterborne pathogen","Pathogenic E. coli (incl. O157); Shigella spp."
"MBSF5","Francisella",0,2,"Wastewater_Daphnia","LRV_0_1","D2","Waterborne pathogen","F. tularensis"
"MBSF5","Helicobacter",0,2,"Wastewater_Daphnia","LRV_0_1","D2","Waterborne pathogen","H. pylori"
"MBSF5","Klebsiella",0,2,"Wastewater_Daphnia","LRV_0_1","D2","Opportunistic pathogen","K. pneumoniae"
"MBSF5","Legionella",0,2,"Wastewater_Daphnia","LRV_0_1","D2","Opportunistic pathogen","L. pneumophila"
"MBSF5","Leptospira",0,2,"Wastewater_Daphnia","LRV_0_1","D2","Waterborne pathogen","L. interrogans"
"MBSF5","Mycobacterium",0.000528858866799683,2,"Wastewater_Daphnia","LRV_0_1","D2","Opportunistic pathogen","Non-tuberculous mycobacteria (M. avium complex)"
"MBSF5","Pseudomonas",0.0217793696963869,2,"Wastewater_Daphnia","LRV_0_1","D2","Opportunistic pathogen","P. aeruginosa"
"MBSF5","Salmonella",0,2,"Wastewater_Daphnia","LRV_0_1","D2","Waterborne pathogen","S. Typhi; other salmonellae"
"MBSF5","Staphylococcus",0,2,"Wastewater_Daphnia","LRV_0_1","D2","Opportunistic pathogen","S. aureus"
"MBSF5","Stenotrophomonas",0,2,"Wastewater_Daphnia","LRV_0_1","D2","Opportunistic pathogen","S. maltophilia"
"MBSF5","Vibrio",0,2,"Wastewater_Daphnia","LRV_0_1","D2","Waterborne pathogen","V. cholerae O1 and O139"
"MBSF5","Yersinia",0,2,"Wastewater_Daphnia","LRV_0_1","D2","Waterborne pathogen","Y. enterocolitica"
"MBSF6","Acinetobacter",0.00388909798017815,3,"Wastewater_Daphnia","LRV_0_1","D2","Opportunistic pathogen","A. baumannii"
"MBSF6","Aeromonas",0,3,"Wastewater_Daphnia","LRV_0_1","D2","Opportunistic pathogen","A. hydrophila; A. caviae"
"MBSF6","Arcobacter",0,3,"Wastewater_Daphnia","LRV_0_1","D2","Emerging pathogen","A. butzleri"
"MBSF6","Bacteroides",0,3,"Wastewater_Daphnia","LRV_0_1","D2","Faecal indicator","Human faecal marker"
"MBSF6","Burkholderia",0,3,"Wastewater_Daphnia","LRV_0_1","D2","Waterborne pathogen","B. pseudomallei"
"MBSF6","Campylobacter",0,3,"Wastewater_Daphnia","LRV_0_1","D2","Waterborne pathogen","C. jejuni; C. coli"
"MBSF6","Clostridium sensu stricto",0,3,"Wastewater_Daphnia","LRV_0_1","D2","Faecal indicator","C. perfringens"
"MBSF6","Enterococcus",0,3,"Wastewater_Daphnia","LRV_0_1","D2","Faecal indicator","Intestinal enterococci"
"MBSF6","Escherichia-Shigella",0,3,"Wastewater_Daphnia","LRV_0_1","D2","Waterborne pathogen","Pathogenic E. coli (incl. O157); Shigella spp."
"MBSF6","Francisella",0,3,"Wastewater_Daphnia","LRV_0_1","D2","Waterborne pathogen","F. tularensis"
"MBSF6","Helicobacter",0,3,"Wastewater_Daphnia","LRV_0_1","D2","Waterborne pathogen","H. pylori"
"MBSF6","Klebsiella",0,3,"Wastewater_Daphnia","LRV_0_1","D2","Opportunistic pathogen","K. pneumoniae"
"MBSF6","Legionella",0.000100363818843307,3,"Wastewater_Daphnia","LRV_0_1","D2","Opportunistic pathogen","L. pneumophila"
"MBSF6","Leptospira",0,3,"Wastewater_Daphnia","LRV_0_1","D2","Waterborne pathogen","L. interrogans"
"MBSF6","Mycobacterium",0,3,"Wastewater_Daphnia","LRV_0_1","D2","Opportunistic pathogen","Non-tuberculous mycobacteria (M. avium complex)"
"MBSF6","Pseudomonas",0.0216534939154435,3,"Wastewater_Daphnia","LRV_0_1","D2","Opportunistic pathogen","P. aeruginosa"
"MBSF6","Salmonella",0,3,"Wastewater_Daphnia","LRV_0_1","D2","Waterborne pathogen","S. Typhi; other salmonellae"
"MBSF6","Staphylococcus",0,3,"Wastewater_Daphnia","LRV_0_1","D2","Opportunistic pathogen","S. aureus"
"MBSF6","Stenotrophomonas",0,3,"Wastewater_Daphnia","LRV_0_1","D2","Opportunistic pathogen","S. maltophilia"
"MBSF6","Vibrio",0,3,"Wastewater_Daphnia","LRV_0_1","D2","Waterborne pathogen","V. cholerae O1 and O139"
"MBSF6","Yersinia",0,3,"Wastewater_Daphnia","LRV_0_1","D2","Waterborne pathogen","Y. enterocolitica"
"MBSF7","Acinetobacter",0.000910634737023455,1,"Wastewater_Daphnia","LRV_0_1","D3","Opportunistic pathogen","A. baumannii"
"MBSF7","Aeromonas",0,1,"Wastewater_Daphnia","LRV_0_1","D3","Opportunistic pathogen","A. hydrophila; A. caviae"
"MBSF7","Arcobacter",0,1,"Wastewater_Daphnia","LRV_0_1","D3","Emerging pathogen","A. butzleri"
"MBSF7","Bacteroides",0,1,"Wastewater_Daphnia","LRV_0_1","D3","Faecal indicator","Human faecal marker"
"MBSF7","Burkholderia",0,1,"Wastewater_Daphnia","LRV_0_1","D3","Waterborne pathogen","B. pseudomallei"
"MBSF7","Campylobacter",0,1,"Wastewater_Daphnia","LRV_0_1","D3","Waterborne pathogen","C. jejuni; C. coli"
"MBSF7","Clostridium sensu stricto",0.000147670497895695,1,"Wastewater_Daphnia","LRV_0_1","D3","Faecal indicator","C. perfringens"
"MBSF7","Enterococcus",0,1,"Wastewater_Daphnia","LRV_0_1","D3","Faecal indicator","Intestinal enterococci"
"MBSF7","Escherichia-Shigella",0,1,"Wastewater_Daphnia","LRV_0_1","D3","Waterborne pathogen","Pathogenic E. coli (incl. O157); Shigella spp."
"MBSF7","Francisella",0,1,"Wastewater_Daphnia","LRV_0_1","D3","Waterborne pathogen","F. tularensis"
"MBSF7","Helicobacter",0,1,"Wastewater_Daphnia","LRV_0_1","D3","Waterborne pathogen","H. pylori"
"MBSF7","Klebsiella",0,1,"Wastewater_Daphnia","LRV_0_1","D3","Opportunistic pathogen","K. pneumoniae"
"MBSF7","Legionella",0.000196893997194261,1,"Wastewater_Daphnia","LRV_0_1","D3","Opportunistic pathogen","L. pneumophila"
"MBSF7","Leptospira",0,1,"Wastewater_Daphnia","LRV_0_1","D3","Waterborne pathogen","L. interrogans"
"MBSF7","Mycobacterium",0.000307646870616032,1,"Wastewater_Daphnia","LRV_0_1","D3","Opportunistic pathogen","Non-tuberculous mycobacteria (M. avium complex)"
"MBSF7","Pseudomonas",0.011973616204376,1,"Wastewater_Daphnia","LRV_0_1","D3","Opportunistic pathogen","P. aeruginosa"
"MBSF7","Salmonella",0,1,"Wastewater_Daphnia","LRV_0_1","D3","Waterborne pathogen","S. Typhi; other salmonellae"
"MBSF7","Staphylococcus",0,1,"Wastewater_Daphnia","LRV_0_1","D3","Opportunistic pathogen","S. aureus"
"MBSF7","Stenotrophomonas",0,1,"Wastewater_Daphnia","LRV_0_1","D3","Opportunistic pathogen","S. maltophilia"
"MBSF7","Vibrio",0,1,"Wastewater_Daphnia","LRV_0_1","D3","Waterborne pathogen","V. cholerae O1 and O139"
"MBSF7","Yersinia",0,1,"Wastewater_Daphnia","LRV_0_1","D3","Waterborne pathogen","Y. enterocolitica"
"MBSF8","Acinetobacter",0.000601702818977707,2,"Wastewater_Daphnia","LRV_0_1","D3","Opportunistic pathogen","A. baumannii"
"MBSF8","Aeromonas",0,2,"Wastewater_Daphnia","LRV_0_1","D3","Opportunistic pathogen","A. hydrophila; A. caviae"
"MBSF8","Arcobacter",0,2,"Wastewater_Daphnia","LRV_0_1","D3","Emerging pathogen","A. butzleri"
"MBSF8","Bacteroides",0,2,"Wastewater_Daphnia","LRV_0_1","D3","Faecal indicator","Human faecal marker"
"MBSF8","Burkholderia",0,2,"Wastewater_Daphnia","LRV_0_1","D3","Waterborne pathogen","B. pseudomallei"
"MBSF8","Campylobacter",0,2,"Wastewater_Daphnia","LRV_0_1","D3","Waterborne pathogen","C. jejuni; C. coli"
"MBSF8","Clostridium sensu stricto",9.0255422846656e-05,2,"Wastewater_Daphnia","LRV_0_1","D3","Faecal indicator","C. perfringens"
"MBSF8","Enterococcus",0,2,"Wastewater_Daphnia","LRV_0_1","D3","Faecal indicator","Intestinal enterococci"
"MBSF8","Escherichia-Shigella",0,2,"Wastewater_Daphnia","LRV_0_1","D3","Waterborne pathogen","Pathogenic E. coli (incl. O157); Shigella spp."
"MBSF8","Francisella",0,2,"Wastewater_Daphnia","LRV_0_1","D3","Waterborne pathogen","F. tularensis"
"MBSF8","Helicobacter",0,2,"Wastewater_Daphnia","LRV_0_1","D3","Waterborne pathogen","H. pylori"
"MBSF8","Klebsiella",0,2,"Wastewater_Daphnia","LRV_0_1","D3","Opportunistic pathogen","K. pneumoniae"
"MBSF8","Legionella",0.000210595986642197,2,"Wastewater_Daphnia","LRV_0_1","D3","Opportunistic pathogen","L. pneumophila"
"MBSF8","Leptospira",0,2,"Wastewater_Daphnia","LRV_0_1","D3","Waterborne pathogen","L. interrogans"
"MBSF8","Mycobacterium",0,2,"Wastewater_Daphnia","LRV_0_1","D3","Opportunistic pathogen","Non-tuberculous mycobacteria (M. avium complex)"
"MBSF8","Pseudomonas",0.0119438009567075,2,"Wastewater_Daphnia","LRV_0_1","D3","Opportunistic pathogen","P. aeruginosa"
"MBSF8","Salmonella",0,2,"Wastewater_Daphnia","LRV_0_1","D3","Waterborne pathogen","S. Typhi; other salmonellae"
"MBSF8","Staphylococcus",0,2,"Wastewater_Daphnia","LRV_0_1","D3","Opportunistic pathogen","S. aureus"
"MBSF8","Stenotrophomonas",0,2,"Wastewater_Daphnia","LRV_0_1","D3","Opportunistic pathogen","S. maltophilia"
"MBSF8","Vibrio",0,2,"Wastewater_Daphnia","LRV_0_1","D3","Waterborne pathogen","V. cholerae O1 and O139"
"MBSF8","Yersinia",0,2,"Wastewater_Daphnia","LRV_0_1","D3","Waterborne pathogen","Y. enterocolitica"
"MBSF9","Acinetobacter",0.00048279635649683,3,"Wastewater_Daphnia","LRV_0_1","D3","Opportunistic pathogen","A. baumannii"
"MBSF9","Aeromonas",0,3,"Wastewater_Daphnia","LRV_0_1","D3","Opportunistic pathogen","A. hydrophila; A. caviae"
"MBSF9","Arcobacter",0,3,"Wastewater_Daphnia","LRV_0_1","D3","Emerging pathogen","A. butzleri"
"MBSF9","Bacteroides",0,3,"Wastewater_Daphnia","LRV_0_1","D3","Faecal indicator","Human faecal marker"
"MBSF9","Burkholderia",0,3,"Wastewater_Daphnia","LRV_0_1","D3","Waterborne pathogen","B. pseudomallei"
"MBSF9","Campylobacter",0,3,"Wastewater_Daphnia","LRV_0_1","D3","Waterborne pathogen","C. jejuni; C. coli"
"MBSF9","Clostridium sensu stricto",0,3,"Wastewater_Daphnia","LRV_0_1","D3","Faecal indicator","C. perfringens"
"MBSF9","Enterococcus",0,3,"Wastewater_Daphnia","LRV_0_1","D3","Faecal indicator","Intestinal enterococci"
"MBSF9","Escherichia-Shigella",0,3,"Wastewater_Daphnia","LRV_0_1","D3","Waterborne pathogen","Pathogenic E. coli (incl. O157); Shigella spp."
"MBSF9","Francisella",0,3,"Wastewater_Daphnia","LRV_0_1","D3","Waterborne pathogen","F. tularensis"
"MBSF9","Helicobacter",0,3,"Wastewater_Daphnia","LRV_0_1","D3","Waterborne pathogen","H. pylori"
"MBSF9","Klebsiella",0,3,"Wastewater_Daphnia","LRV_0_1","D3","Opportunistic pathogen","K. pneumoniae"
"MBSF9","Legionella",0,3,"Wastewater_Daphnia","LRV_0_1","D3","Opportunistic pathogen","L. pneumophila"
"MBSF9","Leptospira",0,3,"Wastewater_Daphnia","LRV_0_1","D3","Waterborne pathogen","L. interrogans"
"MBSF9","Mycobacterium",0.000804660594161383,3,"Wastewater_Daphnia","LRV_0_1","D3","Opportunistic pathogen","Non-tuberculous mycobacteria (M. avium complex)"
"MBSF9","Pseudomonas",0.0100743506389005,3,"Wastewater_Daphnia","LRV_0_1","D3","Opportunistic pathogen","P. aeruginosa"
"MBSF9","Salmonella",0,3,"Wastewater_Daphnia","LRV_0_1","D3","Waterborne pathogen","S. Typhi; other salmonellae"
"MBSF9","Staphylococcus",0,3,"Wastewater_Daphnia","LRV_0_1","D3","Opportunistic pathogen","S. aureus"
"MBSF9","Stenotrophomonas",0,3,"Wastewater_Daphnia","LRV_0_1","D3","Opportunistic pathogen","S. maltophilia"
"MBSF9","Vibrio",0,3,"Wastewater_Daphnia","LRV_0_1","D3","Waterborne pathogen","V. cholerae O1 and O139"
"MBSF9","Yersinia",0,3,"Wastewater_Daphnia","LRV_0_1","D3","Waterborne pathogen","Y. enterocolitica"
"R1D1BW","Acinetobacter",0,1,"Wastewater_Control","CONTROL","D1","Opportunistic pathogen","A. baumannii"
"R1D1BW","Aeromonas",0,1,"Wastewater_Control","CONTROL","D1","Opportunistic pathogen","A. hydrophila; A. caviae"
"R1D1BW","Arcobacter",0,1,"Wastewater_Control","CONTROL","D1","Emerging pathogen","A. butzleri"
"R1D1BW","Bacteroides",0,1,"Wastewater_Control","CONTROL","D1","Faecal indicator","Human faecal marker"
"R1D1BW","Burkholderia",0,1,"Wastewater_Control","CONTROL","D1","Waterborne pathogen","B. pseudomallei"
"R1D1BW","Campylobacter",0,1,"Wastewater_Control","CONTROL","D1","Waterborne pathogen","C. jejuni; C. coli"
"R1D1BW","Clostridium sensu stricto",0,1,"Wastewater_Control","CONTROL","D1","Faecal indicator","C. perfringens"
"R1D1BW","Enterococcus",0,1,"Wastewater_Control","CONTROL","D1","Faecal indicator","Intestinal enterococci"
"R1D1BW","Escherichia-Shigella",0,1,"Wastewater_Control","CONTROL","D1","Waterborne pathogen","Pathogenic E. coli (incl. O157); Shigella spp."
"R1D1BW","Francisella",0,1,"Wastewater_Control","CONTROL","D1","Waterborne pathogen","F. tularensis"
"R1D1BW","Helicobacter",0,1,"Wastewater_Control","CONTROL","D1","Waterborne pathogen","H. pylori"
"R1D1BW","Klebsiella",0,1,"Wastewater_Control","CONTROL","D1","Opportunistic pathogen","K. pneumoniae"
"R1D1BW","Legionella",0.000388895536675841,1,"Wastewater_Control","CONTROL","D1","Opportunistic pathogen","L. pneumophila"
"R1D1BW","Leptospira",0,1,"Wastewater_Control","CONTROL","D1","Waterborne pathogen","L. interrogans"
"R1D1BW","Mycobacterium",0.00341031470623429,1,"Wastewater_Control","CONTROL","D1","Opportunistic pathogen","Non-tuberculous mycobacteria (M. avium complex)"
"R1D1BW","Pseudomonas",0.00311116429340672,1,"Wastewater_Control","CONTROL","D1","Opportunistic pathogen","P. aeruginosa"
"R1D1BW","Salmonella",0,1,"Wastewater_Control","CONTROL","D1","Waterborne pathogen","S. Typhi; other salmonellae"
"R1D1BW","Staphylococcus",0,1,"Wastewater_Control","CONTROL","D1","Opportunistic pathogen","S. aureus"
"R1D1BW","Stenotrophomonas",0,1,"Wastewater_Control","CONTROL","D1","Opportunistic pathogen","S. maltophilia"
"R1D1BW","Vibrio",0,1,"Wastewater_Control","CONTROL","D1","Waterborne pathogen","V. cholerae O1 and O139"
"R1D1BW","Yersinia",0,1,"Wastewater_Control","CONTROL","D1","Waterborne pathogen","Y. enterocolitica"
"R1D2BW","Acinetobacter",0,1,"Wastewater_Control","CONTROL","D2","Opportunistic pathogen","A. baumannii"
"R1D2BW","Aeromonas",0,1,"Wastewater_Control","CONTROL","D2","Opportunistic pathogen","A. hydrophila; A. caviae"
"R1D2BW","Arcobacter",0,1,"Wastewater_Control","CONTROL","D2","Emerging pathogen","A. butzleri"
"R1D2BW","Bacteroides",0,1,"Wastewater_Control","CONTROL","D2","Faecal indicator","Human faecal marker"
"R1D2BW","Burkholderia",0,1,"Wastewater_Control","CONTROL","D2","Waterborne pathogen","B. pseudomallei"
"R1D2BW","Campylobacter",0,1,"Wastewater_Control","CONTROL","D2","Waterborne pathogen","C. jejuni; C. coli"
"R1D2BW","Clostridium sensu stricto",0.000100434378687825,1,"Wastewater_Control","CONTROL","D2","Faecal indicator","C. perfringens"
"R1D2BW","Enterococcus",0,1,"Wastewater_Control","CONTROL","D2","Faecal indicator","Intestinal enterococci"
"R1D2BW","Escherichia-Shigella",0,1,"Wastewater_Control","CONTROL","D2","Waterborne pathogen","Pathogenic E. coli (incl. O157); Shigella spp."
"R1D2BW","Francisella",0,1,"Wastewater_Control","CONTROL","D2","Waterborne pathogen","F. tularensis"
"R1D2BW","Helicobacter",0,1,"Wastewater_Control","CONTROL","D2","Waterborne pathogen","H. pylori"
"R1D2BW","Klebsiella",0,1,"Wastewater_Control","CONTROL","D2","Opportunistic pathogen","K. pneumoniae"
"R1D2BW","Legionella",0.000552389082783037,1,"Wastewater_Control","CONTROL","D2","Opportunistic pathogen","L. pneumophila"
"R1D2BW","Leptospira",0,1,"Wastewater_Control","CONTROL","D2","Waterborne pathogen","L. interrogans"
"R1D2BW","Mycobacterium",0.00170738443769302,1,"Wastewater_Control","CONTROL","D2","Opportunistic pathogen","Non-tuberculous mycobacteria (M. avium complex)"
"R1D2BW","Pseudomonas",0,1,"Wastewater_Control","CONTROL","D2","Opportunistic pathogen","P. aeruginosa"
"R1D2BW","Salmonella",0,1,"Wastewater_Control","CONTROL","D2","Waterborne pathogen","S. Typhi; other salmonellae"
"R1D2BW","Staphylococcus",0,1,"Wastewater_Control","CONTROL","D2","Opportunistic pathogen","S. aureus"
"R1D2BW","Stenotrophomonas",0,1,"Wastewater_Control","CONTROL","D2","Opportunistic pathogen","S. maltophilia"
"R1D2BW","Vibrio",0,1,"Wastewater_Control","CONTROL","D2","Waterborne pathogen","V. cholerae O1 and O139"
"R1D2BW","Yersinia",0,1,"Wastewater_Control","CONTROL","D2","Waterborne pathogen","Y. enterocolitica"
"R1D3BW","Acinetobacter",0,1,"Wastewater_Control","CONTROL","D3","Opportunistic pathogen","A. baumannii"
"R1D3BW","Aeromonas",0,1,"Wastewater_Control","CONTROL","D3","Opportunistic pathogen","A. hydrophila; A. caviae"
"R1D3BW","Arcobacter",0,1,"Wastewater_Control","CONTROL","D3","Emerging pathogen","A. butzleri"
"R1D3BW","Bacteroides",0,1,"Wastewater_Control","CONTROL","D3","Faecal indicator","Human faecal marker"
"R1D3BW","Burkholderia",0,1,"Wastewater_Control","CONTROL","D3","Waterborne pathogen","B. pseudomallei"
"R1D3BW","Campylobacter",0,1,"Wastewater_Control","CONTROL","D3","Waterborne pathogen","C. jejuni; C. coli"
"R1D3BW","Clostridium sensu stricto",0,1,"Wastewater_Control","CONTROL","D3","Faecal indicator","C. perfringens"
"R1D3BW","Enterococcus",0,1,"Wastewater_Control","CONTROL","D3","Faecal indicator","Intestinal enterococci"
"R1D3BW","Escherichia-Shigella",0,1,"Wastewater_Control","CONTROL","D3","Waterborne pathogen","Pathogenic E. coli (incl. O157); Shigella spp."
"R1D3BW","Francisella",0,1,"Wastewater_Control","CONTROL","D3","Waterborne pathogen","F. tularensis"
"R1D3BW","Helicobacter",0,1,"Wastewater_Control","CONTROL","D3","Waterborne pathogen","H. pylori"
"R1D3BW","Klebsiella",0,1,"Wastewater_Control","CONTROL","D3","Opportunistic pathogen","K. pneumoniae"
"R1D3BW","Legionella",0.000359687585639901,1,"Wastewater_Control","CONTROL","D3","Opportunistic pathogen","L. pneumophila"
"R1D3BW","Leptospira",0,1,"Wastewater_Control","CONTROL","D3","Waterborne pathogen","L. interrogans"
"R1D3BW","Mycobacterium",0.000342559605371335,1,"Wastewater_Control","CONTROL","D3","Opportunistic pathogen","Non-tuberculous mycobacteria (M. avium complex)"
"R1D3BW","Pseudomonas",0.000393943546177035,1,"Wastewater_Control","CONTROL","D3","Opportunistic pathogen","P. aeruginosa"
"R1D3BW","Salmonella",0,1,"Wastewater_Control","CONTROL","D3","Waterborne pathogen","S. Typhi; other salmonellae"
"R1D3BW","Staphylococcus",0,1,"Wastewater_Control","CONTROL","D3","Opportunistic pathogen","S. aureus"
"R1D3BW","Stenotrophomonas",0,1,"Wastewater_Control","CONTROL","D3","Opportunistic pathogen","S. maltophilia"
"R1D3BW","Vibrio",0,1,"Wastewater_Control","CONTROL","D3","Waterborne pathogen","V. cholerae O1 and O139"
"R1D3BW","Yersinia",0,1,"Wastewater_Control","CONTROL","D3","Waterborne pathogen","Y. enterocolitica"
"R2D1BW","Acinetobacter",0.00178320930121972,2,"Wastewater_Control","CONTROL","D1","Opportunistic pathogen","A. baumannii"
"R2D1BW","Aeromonas",0,2,"Wastewater_Control","CONTROL","D1","Opportunistic pathogen","A. hydrophila; A. caviae"
"R2D1BW","Arcobacter",0,2,"Wastewater_Control","CONTROL","D1","Emerging pathogen","A. butzleri"
"R2D1BW","Bacteroides",0,2,"Wastewater_Control","CONTROL","D1","Faecal indicator","Human faecal marker"
"R2D1BW","Burkholderia",0,2,"Wastewater_Control","CONTROL","D1","Waterborne pathogen","B. pseudomallei"
"R2D1BW","Campylobacter",0,2,"Wastewater_Control","CONTROL","D1","Waterborne pathogen","C. jejuni; C. coli"
"R2D1BW","Clostridium sensu stricto",0,2,"Wastewater_Control","CONTROL","D1","Faecal indicator","C. perfringens"
"R2D1BW","Enterococcus",0,2,"Wastewater_Control","CONTROL","D1","Faecal indicator","Intestinal enterococci"
"R2D1BW","Escherichia-Shigella",0,2,"Wastewater_Control","CONTROL","D1","Waterborne pathogen","Pathogenic E. coli (incl. O157); Shigella spp."
"R2D1BW","Francisella",0,2,"Wastewater_Control","CONTROL","D1","Waterborne pathogen","F. tularensis"
"R2D1BW","Helicobacter",0,2,"Wastewater_Control","CONTROL","D1","Waterborne pathogen","H. pylori"
"R2D1BW","Klebsiella",0,2,"Wastewater_Control","CONTROL","D1","Opportunistic pathogen","K. pneumoniae"
"R2D1BW","Legionella",0,2,"Wastewater_Control","CONTROL","D1","Opportunistic pathogen","L. pneumophila"
"R2D1BW","Leptospira",0,2,"Wastewater_Control","CONTROL","D1","Waterborne pathogen","L. interrogans"
"R2D1BW","Mycobacterium",0.00066573147245536,2,"Wastewater_Control","CONTROL","D1","Opportunistic pathogen","Non-tuberculous mycobacteria (M. avium complex)"
"R2D1BW","Pseudomonas",0.00413704557882974,2,"Wastewater_Control","CONTROL","D1","Opportunistic pathogen","P. aeruginosa"
"R2D1BW","Salmonella",0,2,"Wastewater_Control","CONTROL","D1","Waterborne pathogen","S. Typhi; other salmonellae"
"R2D1BW","Staphylococcus",0,2,"Wastewater_Control","CONTROL","D1","Opportunistic pathogen","S. aureus"
"R2D1BW","Stenotrophomonas",0,2,"Wastewater_Control","CONTROL","D1","Opportunistic pathogen","S. maltophilia"
"R2D1BW","Vibrio",0,2,"Wastewater_Control","CONTROL","D1","Waterborne pathogen","V. cholerae O1 and O139"
"R2D1BW","Yersinia",0,2,"Wastewater_Control","CONTROL","D1","Waterborne pathogen","Y. enterocolitica"
"R2D2BW","Acinetobacter",0.000310125600868352,2,"Wastewater_Control","CONTROL","D2","Opportunistic pathogen","A. baumannii"
"R2D2BW","Aeromonas",0,2,"Wastewater_Control","CONTROL","D2","Opportunistic pathogen","A. hydrophila; A. caviae"
"R2D2BW","Arcobacter",0,2,"Wastewater_Control","CONTROL","D2","Emerging pathogen","A. butzleri"
"R2D2BW","Bacteroides",0,2,"Wastewater_Control","CONTROL","D2","Faecal indicator","Human faecal marker"
"R2D2BW","Burkholderia",0,2,"Wastewater_Control","CONTROL","D2","Waterborne pathogen","B. pseudomallei"
"R2D2BW","Campylobacter",0,2,"Wastewater_Control","CONTROL","D2","Waterborne pathogen","C. jejuni; C. coli"
"R2D2BW","Clostridium sensu stricto",0,2,"Wastewater_Control","CONTROL","D2","Faecal indicator","C. perfringens"
"R2D2BW","Enterococcus",0,2,"Wastewater_Control","CONTROL","D2","Faecal indicator","Intestinal enterococci"
"R2D2BW","Escherichia-Shigella",0,2,"Wastewater_Control","CONTROL","D2","Waterborne pathogen","Pathogenic E. coli (incl. O157); Shigella spp."
"R2D2BW","Francisella",0,2,"Wastewater_Control","CONTROL","D2","Waterborne pathogen","F. tularensis"
"R2D2BW","Helicobacter",0,2,"Wastewater_Control","CONTROL","D2","Waterborne pathogen","H. pylori"
"R2D2BW","Klebsiella",0,2,"Wastewater_Control","CONTROL","D2","Opportunistic pathogen","K. pneumoniae"
"R2D2BW","Legionella",0.000180906600506538,2,"Wastewater_Control","CONTROL","D2","Opportunistic pathogen","L. pneumophila"
"R2D2BW","Leptospira",0,2,"Wastewater_Control","CONTROL","D2","Waterborne pathogen","L. interrogans"
"R2D2BW","Mycobacterium",0.000465188401302528,2,"Wastewater_Control","CONTROL","D2","Opportunistic pathogen","Non-tuberculous mycobacteria (M. avium complex)"
"R2D2BW","Pseudomonas",0.00170569080477593,2,"Wastewater_Control","CONTROL","D2","Opportunistic pathogen","P. aeruginosa"
"R2D2BW","Salmonella",0,2,"Wastewater_Control","CONTROL","D2","Waterborne pathogen","S. Typhi; other salmonellae"
"R2D2BW","Staphylococcus",0,2,"Wastewater_Control","CONTROL","D2","Opportunistic pathogen","S. aureus"
"R2D2BW","Stenotrophomonas",0,2,"Wastewater_Control","CONTROL","D2","Opportunistic pathogen","S. maltophilia"
"R2D2BW","Vibrio",0,2,"Wastewater_Control","CONTROL","D2","Waterborne pathogen","V. cholerae O1 and O139"
"R2D2BW","Yersinia",0,2,"Wastewater_Control","CONTROL","D2","Waterborne pathogen","Y. enterocolitica"
"R2D3BW","Acinetobacter",0.00106616627929292,2,"Wastewater_Control","CONTROL","D3","Opportunistic pathogen","A. baumannii"
"R2D3BW","Aeromonas",0,2,"Wastewater_Control","CONTROL","D3","Opportunistic pathogen","A. hydrophila; A. caviae"
"R2D3BW","Arcobacter",0,2,"Wastewater_Control","CONTROL","D3","Emerging pathogen","A. butzleri"
"R2D3BW","Bacteroides",0,2,"Wastewater_Control","CONTROL","D3","Faecal indicator","Human faecal marker"
"R2D3BW","Burkholderia",0,2,"Wastewater_Control","CONTROL","D3","Waterborne pathogen","B. pseudomallei"
"R2D3BW","Campylobacter",0,2,"Wastewater_Control","CONTROL","D3","Waterborne pathogen","C. jejuni; C. coli"
"R2D3BW","Clostridium sensu stricto",0,2,"Wastewater_Control","CONTROL","D3","Faecal indicator","C. perfringens"
"R2D3BW","Enterococcus",0,2,"Wastewater_Control","CONTROL","D3","Faecal indicator","Intestinal enterococci"
"R2D3BW","Escherichia-Shigella",0,2,"Wastewater_Control","CONTROL","D3","Waterborne pathogen","Pathogenic E. coli (incl. O157); Shigella spp."
"R2D3BW","Francisella",0,2,"Wastewater_Control","CONTROL","D3","Waterborne pathogen","F. tularensis"
"R2D3BW","Helicobacter",0,2,"Wastewater_Control","CONTROL","D3","Waterborne pathogen","H. pylori"
"R2D3BW","Klebsiella",0,2,"Wastewater_Control","CONTROL","D3","Opportunistic pathogen","K. pneumoniae"
"R2D3BW","Legionella",7.46316395505043e-05,2,"Wastewater_Control","CONTROL","D3","Opportunistic pathogen","L. pneumophila"
"R2D3BW","Leptospira",0,2,"Wastewater_Control","CONTROL","D3","Waterborne pathogen","L. interrogans"
"R2D3BW","Mycobacterium",0.000319849883787876,2,"Wastewater_Control","CONTROL","D3","Opportunistic pathogen","Non-tuberculous mycobacteria (M. avium complex)"
"R2D3BW","Pseudomonas",0.00284666396571209,2,"Wastewater_Control","CONTROL","D3","Opportunistic pathogen","P. aeruginosa"
"R2D3BW","Salmonella",0,2,"Wastewater_Control","CONTROL","D3","Waterborne pathogen","S. Typhi; other salmonellae"
"R2D3BW","Staphylococcus",0,2,"Wastewater_Control","CONTROL","D3","Opportunistic pathogen","S. aureus"
"R2D3BW","Stenotrophomonas",0,2,"Wastewater_Control","CONTROL","D3","Opportunistic pathogen","S. maltophilia"
"R2D3BW","Vibrio",0,2,"Wastewater_Control","CONTROL","D3","Waterborne pathogen","V. cholerae O1 and O139"
"R2D3BW","Yersinia",0,2,"Wastewater_Control","CONTROL","D3","Waterborne pathogen","Y. enterocolitica"
"R3D1BW","Acinetobacter",0.00081603846408328,3,"Wastewater_Control","CONTROL","D1","Opportunistic pathogen","A. baumannii"
"R3D1BW","Aeromonas",0,3,"Wastewater_Control","CONTROL","D1","Opportunistic pathogen","A. hydrophila; A. caviae"
"R3D1BW","Arcobacter",0,3,"Wastewater_Control","CONTROL","D1","Emerging pathogen","A. butzleri"
"R3D1BW","Bacteroides",0,3,"Wastewater_Control","CONTROL","D1","Faecal indicator","Human faecal marker"
"R3D1BW","Burkholderia",0,3,"Wastewater_Control","CONTROL","D1","Waterborne pathogen","B. pseudomallei"
"R3D1BW","Campylobacter",0,3,"Wastewater_Control","CONTROL","D1","Waterborne pathogen","C. jejuni; C. coli"
"R3D1BW","Clostridium sensu stricto",0,3,"Wastewater_Control","CONTROL","D1","Faecal indicator","C. perfringens"
"R3D1BW","Enterococcus",0,3,"Wastewater_Control","CONTROL","D1","Faecal indicator","Intestinal enterococci"
"R3D1BW","Escherichia-Shigella",0,3,"Wastewater_Control","CONTROL","D1","Waterborne pathogen","Pathogenic E. coli (incl. O157); Shigella spp."
"R3D1BW","Francisella",0,3,"Wastewater_Control","CONTROL","D1","Waterborne pathogen","F. tularensis"
"R3D1BW","Helicobacter",0,3,"Wastewater_Control","CONTROL","D1","Waterborne pathogen","H. pylori"
"R3D1BW","Klebsiella",0,3,"Wastewater_Control","CONTROL","D1","Opportunistic pathogen","K. pneumoniae"
"R3D1BW","Legionella",0.000198495842614852,3,"Wastewater_Control","CONTROL","D1","Opportunistic pathogen","L. pneumophila"
"R3D1BW","Leptospira",0,3,"Wastewater_Control","CONTROL","D1","Waterborne pathogen","L. interrogans"
"R3D1BW","Mycobacterium",0.000595487527844556,3,"Wastewater_Control","CONTROL","D1","Opportunistic pathogen","Non-tuberculous mycobacteria (M. avium complex)"
"R3D1BW","Pseudomonas",0.00273483160936018,3,"Wastewater_Control","CONTROL","D1","Opportunistic pathogen","P. aeruginosa"
"R3D1BW","Salmonella",0,3,"Wastewater_Control","CONTROL","D1","Waterborne pathogen","S. Typhi; other salmonellae"
"R3D1BW","Staphylococcus",0,3,"Wastewater_Control","CONTROL","D1","Opportunistic pathogen","S. aureus"
"R3D1BW","Stenotrophomonas",0,3,"Wastewater_Control","CONTROL","D1","Opportunistic pathogen","S. maltophilia"
"R3D1BW","Vibrio",0,3,"Wastewater_Control","CONTROL","D1","Waterborne pathogen","V. cholerae O1 and O139"
"R3D1BW","Yersinia",0,3,"Wastewater_Control","CONTROL","D1","Waterborne pathogen","Y. enterocolitica"
"R3D2BW8532","Acinetobacter",0.000121094696052313,3,"Wastewater_Control","CONTROL","D2","Opportunistic pathogen","A. baumannii"
"R3D2BW8532","Aeromonas",0,3,"Wastewater_Control","CONTROL","D2","Opportunistic pathogen","A. hydrophila; A. caviae"
"R3D2BW8532","Arcobacter",0,3,"Wastewater_Control","CONTROL","D2","Emerging pathogen","A. butzleri"
"R3D2BW8532","Bacteroides",0,3,"Wastewater_Control","CONTROL","D2","Faecal indicator","Human faecal marker"
"R3D2BW8532","Burkholderia",0,3,"Wastewater_Control","CONTROL","D2","Waterborne pathogen","B. pseudomallei"
"R3D2BW8532","Campylobacter",0,3,"Wastewater_Control","CONTROL","D2","Waterborne pathogen","C. jejuni; C. coli"
"R3D2BW8532","Clostridium sensu stricto",0,3,"Wastewater_Control","CONTROL","D2","Faecal indicator","C. perfringens"
"R3D2BW8532","Enterococcus",0,3,"Wastewater_Control","CONTROL","D2","Faecal indicator","Intestinal enterococci"
"R3D2BW8532","Escherichia-Shigella",0,3,"Wastewater_Control","CONTROL","D2","Waterborne pathogen","Pathogenic E. coli (incl. O157); Shigella spp."
"R3D2BW8532","Francisella",0,3,"Wastewater_Control","CONTROL","D2","Waterborne pathogen","F. tularensis"
"R3D2BW8532","Helicobacter",0,3,"Wastewater_Control","CONTROL","D2","Waterborne pathogen","H. pylori"
"R3D2BW8532","Klebsiella",0,3,"Wastewater_Control","CONTROL","D2","Opportunistic pathogen","K. pneumoniae"
"R3D2BW8532","Legionella",0.00070926893402069,3,"Wastewater_Control","CONTROL","D2","Opportunistic pathogen","L. pneumophila"
"R3D2BW8532","Leptospira",0,3,"Wastewater_Control","CONTROL","D2","Waterborne pathogen","L. interrogans"
"R3D2BW8532","Mycobacterium",0.000864962114659378,3,"Wastewater_Control","CONTROL","D2","Opportunistic pathogen","Non-tuberculous mycobacteria (M. avium complex)"
"R3D2BW8532","Pseudomonas",0.0881050409992042,3,"Wastewater_Control","CONTROL","D2","Opportunistic pathogen","P. aeruginosa"
"R3D2BW8532","Salmonella",0,3,"Wastewater_Control","CONTROL","D2","Waterborne pathogen","S. Typhi; other salmonellae"
"R3D2BW8532","Staphylococcus",0,3,"Wastewater_Control","CONTROL","D2","Opportunistic pathogen","S. aureus"
"R3D2BW8532","Stenotrophomonas",0,3,"Wastewater_Control","CONTROL","D2","Opportunistic pathogen","S. maltophilia"
"R3D2BW8532","Vibrio",0,3,"Wastewater_Control","CONTROL","D2","Waterborne pathogen","V. cholerae O1 and O139"
"R3D2BW8532","Yersinia",0,3,"Wastewater_Control","CONTROL","D2","Waterborne pathogen","Y. enterocolitica"
"R3D3BW","Acinetobacter",0.00287699108834468,3,"Wastewater_Control","CONTROL","D3","Opportunistic pathogen","A. baumannii"
"R3D3BW","Aeromonas",0,3,"Wastewater_Control","CONTROL","D3","Opportunistic pathogen","A. hydrophila; A. caviae"
"R3D3BW","Arcobacter",0,3,"Wastewater_Control","CONTROL","D3","Emerging pathogen","A. butzleri"
"R3D3BW","Bacteroides",0,3,"Wastewater_Control","CONTROL","D3","Faecal indicator","Human faecal marker"
"R3D3BW","Burkholderia",0,3,"Wastewater_Control","CONTROL","D3","Waterborne pathogen","B. pseudomallei"
"R3D3BW","Campylobacter",0,3,"Wastewater_Control","CONTROL","D3","Waterborne pathogen","C. jejuni; C. coli"
"R3D3BW","Clostridium sensu stricto",0,3,"Wastewater_Control","CONTROL","D3","Faecal indicator","C. perfringens"
"R3D3BW","Enterococcus",0,3,"Wastewater_Control","CONTROL","D3","Faecal indicator","Intestinal enterococci"
"R3D3BW","Escherichia-Shigella",0,3,"Wastewater_Control","CONTROL","D3","Waterborne pathogen","Pathogenic E. coli (incl. O157); Shigella spp."
"R3D3BW","Francisella",0,3,"Wastewater_Control","CONTROL","D3","Waterborne pathogen","F. tularensis"
"R3D3BW","Helicobacter",0,3,"Wastewater_Control","CONTROL","D3","Waterborne pathogen","H. pylori"
"R3D3BW","Klebsiella",0,3,"Wastewater_Control","CONTROL","D3","Opportunistic pathogen","K. pneumoniae"
"R3D3BW","Legionella",0.00014034102869974,3,"Wastewater_Control","CONTROL","D3","Opportunistic pathogen","L. pneumophila"
"R3D3BW","Leptospira",0,3,"Wastewater_Control","CONTROL","D3","Waterborne pathogen","L. interrogans"
"R3D3BW","Mycobacterium",0,3,"Wastewater_Control","CONTROL","D3","Opportunistic pathogen","Non-tuberculous mycobacteria (M. avium complex)"
"R3D3BW","Pseudomonas",0.00210511543049611,3,"Wastewater_Control","CONTROL","D3","Opportunistic pathogen","P. aeruginosa"
"R3D3BW","Salmonella",0,3,"Wastewater_Control","CONTROL","D3","Waterborne pathogen","S. Typhi; other salmonellae"
"R3D3BW","Staphylococcus",0,3,"Wastewater_Control","CONTROL","D3","Opportunistic pathogen","S. aureus"
"R3D3BW","Stenotrophomonas",0,3,"Wastewater_Control","CONTROL","D3","Opportunistic pathogen","S. maltophilia"
"R3D3BW","Vibrio",0,3,"Wastewater_Control","CONTROL","D3","Waterborne pathogen","V. cholerae O1 and O139"
"R3D3BW","Yersinia",0,3,"Wastewater_Control","CONTROL","D3","Waterborne pathogen","Y. enterocolitica"
