"target","group","n_treatment","n_control","mean_treatment","mean_control","p_value","reduction_pct","q_value","Day"
"Acinetobacter","Opportunistic pathogen",28,9,0.662875754061467,0.0774847269984584,0.0309999261460903,-755.492146309885,0.123999704584361,"All days"
"Acinetobacter","Opportunistic pathogen",10,3,1.11552595478635,0.0866415921767665,0.148535932887909,-1187.51783844236,0.832888500513738,"D1"
"Acinetobacter","Opportunistic pathogen",11,3,0.568106386284652,0.0143740098973555,0.180819584062596,-3852.3166488787,0.832888500513738,"D2"
"Acinetobacter","Opportunistic pathogen",7,3,0.165155902389484,0.131438578921253,1,-25.6525319620442,1,"D3"
"Aeromonas","Opportunistic pathogen",28,9,0.00619722031814967,0,0.250529114589263,NA,0.538390536115215,"All days"
"Aeromonas","Opportunistic pathogen",10,3,0,0,NA,NA,NA,"D1"
"Aeromonas","Opportunistic pathogen",11,3,0.00840418125898136,0,0.523024368865927,NA,0.844885518937267,"D2"
"Aeromonas","Opportunistic pathogen",7,3,0.0115823107227708,0,0.416074702812503,NA,0.832888500513738,"D3"
"Arcobacter","Emerging pathogen",28,9,0.00323887445274975,0,0.44267412933411,NA,0.55645190801921,"All days"
"Arcobacter","Emerging pathogen",10,3,0.00604716790969563,0,0.715000654688089,NA,0.89895261647415,"D1"
"Arcobacter","Emerging pathogen",11,3,0.00274698232545789,0,0.72772354666955,NA,0.89895261647415,"D2"
"Arcobacter","Emerging pathogen",7,3,0,0,NA,NA,NA,"D3"
"Clostridium sensu stricto","Faecal indicator",28,9,0.00601345272501311,0.00111593754097583,0.269195268057608,-438.870008777968,0.538390536115215,"All days"
"Clostridium sensu stricto","Faecal indicator",10,3,0.00583957383313113,0,0.501676130092373,NA,0.844885518937267,"D1"
"Clostridium sensu stricto","Faecal indicator",11,3,0.00783530417225642,0.00334781262292749,0.856009671526077,-134.042494451342,0.954845623381842,"D2"
"Clostridium sensu stricto","Faecal indicator",7,3,0.00339894172489074,0,0.416074702812503,NA,0.832888500513738,"D3"
"Legionella","Opportunistic pathogen",28,9,0.025656476275105,0.0289401805610123,0.486895419516809,11.3465231461997,0.55645190801921,"All days"
"Legionella","Opportunistic pathogen",10,3,0.0198251272090748,0.0195797126430231,0.863907944964524,-1.2534125016343,0.954845623381842,"D1"
"Legionella","Opportunistic pathogen",11,3,0.0287782956985385,0.0480854872436755,0.273638839463481,40.1518059852381,0.832888500513738,"D2"
"Legionella","Opportunistic pathogen",7,3,0.0290812587040385,0.0191553417963382,1,-51.818009896319,1,"D3"
"Leptospira","Waterborne pathogen",28,9,0.00194956177076895,0,0.44267412933411,NA,0.55645190801921,"All days"
"Leptospira","Waterborne pathogen",10,3,0.00470335281865215,0,0.715000654688089,NA,0.89895261647415,"D1"
"Leptospira","Waterborne pathogen",11,3,0.000686745581364472,0,0.72772354666955,NA,0.89895261647415,"D2"
"Leptospira","Waterborne pathogen",7,3,0,0,NA,NA,NA,"D3"
"Mycobacterium","Opportunistic pathogen",28,9,0.0840252717501179,0.0930164238816483,0.763438819849695,9.66619845864056,0.763438819849695,"All days"
"Mycobacterium","Opportunistic pathogen",10,3,0.112982294603399,0.155717790217807,0.352542137499713,27.4441960386368,0.832888500513738,"D1"
"Mycobacterium","Opportunistic pathogen",11,3,0.0818624945527209,0.101251165121831,0.350201389179296,19.149083910077,0.832888500513738,"D2"
"Mycobacterium","Opportunistic pathogen",7,3,0.0460567461270545,0.022080316305307,0.423622490369026,-108.587347618679,0.832888500513738,"D3"
"Pseudomonas","Opportunistic pathogen",28,9,3.41968693183268,1.16821662475513,0.00153351323426388,-192.727124350714,0.012268105874111,"All days"
"Pseudomonas","Opportunistic pathogen",10,3,5.04353932072862,0.332768049386555,0.0142480796723472,-1415.63208367696,0.299209673119291,"D1"
"Pseudomonas","Opportunistic pathogen",11,3,2.86715796848483,2.99369106013267,0.436274928840529,4.22665829927819,0.832888500513738,"D2"
"Pseudomonas","Opportunistic pathogen",7,3,1.96815760438509,0.178190764746174,0.0682474883780013,-1004.52278892717,0.716598627969014,"D3"
