"sample","Treatment","Genotype","Day","group","rel_abundance"
"MBSF1","Wastewater_Daphnia","LRV_0_1","D1","Emerging pathogen",0
"MBSF1","Wastewater_Daphnia","LRV_0_1","D1","Faecal indicator",0
"MBSF1","Wastewater_Daphnia","LRV_0_1","D1","Opportunistic pathogen",0.0249828623657552
"MBSF1","Wastewater_Daphnia","LRV_0_1","D1","Waterborne pathogen",0
"MBSF10","Wastewater_Daphnia","LRV_8.5_3","D1","Emerging pathogen",0
"MBSF10","Wastewater_Daphnia","LRV_8.5_3","D1","Faecal indicator",0
"MBSF10","Wastewater_Daphnia","LRV_8.5_3","D1","Opportunistic pathogen",0.0200582530102393
"MBSF10","Wastewater_Daphnia","LRV_8.5_3","D1","Waterborne pathogen",0
"MBSF11","Wastewater_Daphnia","LRV_8.5_3","D1","Emerging pathogen",0
"MBSF11","Wastewater_Daphnia","LRV_8.5_3","D1","Faecal indicator",0
"MBSF11","Wastewater_Daphnia","LRV_8.5_3","D1","Opportunistic pathogen",0.105207984833278
"MBSF11","Wastewater_Daphnia","LRV_8.5_3","D1","Waterborne pathogen",0
"MBSF12","Wastewater_Daphnia","LRV_8.5_3","D1","Emerging pathogen",0
"MBSF12","Wastewater_Daphnia","LRV_8.5_3","D1","Faecal indicator",0
"MBSF12","Wastewater_Daphnia","LRV_8.5_3","D1","Opportunistic pathogen",0.119498784201187
"MBSF12","Wastewater_Daphnia","LRV_8.5_3","D1","Waterborne pathogen",0
"MBSF13","Wastewater_Daphnia","LRV_8.5_3","D2","Emerging pathogen",0
"MBSF13","Wastewater_Daphnia","LRV_8.5_3","D2","Faecal indicator",0
"MBSF13","Wastewater_Daphnia","LRV_8.5_3","D2","Opportunistic pathogen",0.0179652805813484
"MBSF13","Wastewater_Daphnia","LRV_8.5_3","D2","Waterborne pathogen",0
"MBSF14","Wastewater_Daphnia","LRV_8.5_3","D2","Emerging pathogen",0
"MBSF14","Wastewater_Daphnia","LRV_8.5_3","D2","Faecal indicator",0
"MBSF14","Wastewater_Daphnia","LRV_8.5_3","D2","Opportunistic pathogen",0.0670611439842209
"MBSF14","Wastewater_Daphnia","LRV_8.5_3","D2","Waterborne pathogen",0
"MBSF15","Wastewater_Daphnia","LRV_8.5_3","D2","Emerging pathogen",0
"MBSF15","Wastewater_Daphnia","LRV_8.5_3","D2","Faecal indicator",0
"MBSF15","Wastewater_Daphnia","LRV_8.5_3","D2","Opportunistic pathogen",0.0327792464672208
"MBSF15","Wastewater_Daphnia","LRV_8.5_3","D2","Waterborne pathogen",0
"MBSF16","Wastewater_Daphnia","LRV_8.5_3","D3","Emerging pathogen",0
"MBSF16","Wastewater_Daphnia","LRV_8.5_3","D3","Faecal indicator",0
"MBSF16","Wastewater_Daphnia","LRV_8.5_3","D3","Opportunistic pathogen",0.0128685355244079
"MBSF16","Wastewater_Daphnia","LRV_8.5_3","D3","Waterborne pathogen",0
"MBSF17","Wastewater_Daphnia","LRV_8.5_3","D3","Emerging pathogen",0
"MBSF17","Wastewater_Daphnia","LRV_8.5_3","D3","Faecal indicator",0
"MBSF17","Wastewater_Daphnia","LRV_8.5_3","D3","Opportunistic pathogen",0.0554754873006497
"MBSF17","Wastewater_Daphnia","LRV_8.5_3","D3","Waterborne pathogen",0
"MBSF19","Wastewater_Daphnia","LRV_12_3","D1","Emerging pathogen",0
"MBSF19","Wastewater_Daphnia","LRV_12_3","D1","Faecal indicator",0
"MBSF19","Wastewater_Daphnia","LRV_12_3","D1","Opportunistic pathogen",0.0874747938841667
"MBSF19","Wastewater_Daphnia","LRV_12_3","D1","Waterborne pathogen",0
"MBSF2","Wastewater_Daphnia","LRV_0_1","D1","Emerging pathogen",0
"MBSF2","Wastewater_Daphnia","LRV_0_1","D1","Faecal indicator",0.000214408233276158
"MBSF2","Wastewater_Daphnia","LRV_0_1","D1","Opportunistic pathogen",0.117036265621171
"MBSF2","Wastewater_Daphnia","LRV_0_1","D1","Waterborne pathogen",0
"MBSF20","Wastewater_Daphnia","LRV_12_3","D1","Emerging pathogen",0
"MBSF20","Wastewater_Daphnia","LRV_12_3","D1","Faecal indicator",0
"MBSF20","Wastewater_Daphnia","LRV_12_3","D1","Opportunistic pathogen",0.0305107685065317
"MBSF20","Wastewater_Daphnia","LRV_12_3","D1","Waterborne pathogen",0
"MBSF22","Wastewater_Daphnia","LRV_12_3","D2","Emerging pathogen",0
"MBSF22","Wastewater_Daphnia","LRV_12_3","D2","Faecal indicator",0
"MBSF22","Wastewater_Daphnia","LRV_12_3","D2","Opportunistic pathogen",0.023995200959808
"MBSF22","Wastewater_Daphnia","LRV_12_3","D2","Waterborne pathogen",0
"MBSF23","Wastewater_Daphnia","LRV_12_3","D2","Emerging pathogen",0
"MBSF23","Wastewater_Daphnia","LRV_12_3","D2","Faecal indicator",0
"MBSF23","Wastewater_Daphnia","LRV_12_3","D2","Opportunistic pathogen",0.0266689951102684
"MBSF23","Wastewater_Daphnia","LRV_12_3","D2","Waterborne pathogen",0
"MBSF24","Wastewater_Daphnia","LRV_12_3","D2","Emerging pathogen",0.000302168055800368
"MBSF24","Wastewater_Daphnia","LRV_12_3","D2","Faecal indicator",0.000151084027900184
"MBSF24","Wastewater_Daphnia","LRV_12_3","D2","Opportunistic pathogen",0.00392818472540478
"MBSF24","Wastewater_Daphnia","LRV_12_3","D2","Waterborne pathogen",7.55420139500919e-05
"MBSF25","Wastewater_Daphnia","LRV_12_3","D3","Emerging pathogen",0
"MBSF25","Wastewater_Daphnia","LRV_12_3","D3","Faecal indicator",0
"MBSF25","Wastewater_Daphnia","LRV_12_3","D3","Opportunistic pathogen",0.00382897255902999
"MBSF25","Wastewater_Daphnia","LRV_12_3","D3","Waterborne pathogen",0
"MBSF26","Wastewater_Daphnia","LRV_12_3","D3","Emerging pathogen",0
"MBSF26","Wastewater_Daphnia","LRV_12_3","D3","Faecal indicator",0
"MBSF26","Wastewater_Daphnia","LRV_12_3","D3","Opportunistic pathogen",0.0457226730178072
"MBSF26","Wastewater_Daphnia","LRV_12_3","D3","Waterborne pathogen",0
"MBSF28","Wastewater_Daphnia","LR2_36_1","D1","Emerging pathogen",0.000604716790969563
"MBSF28","Wastewater_Daphnia","LR2_36_1","D1","Faecal indicator",0.000369549150036955
"MBSF28","Wastewater_Daphnia","LR2_36_1","D1","Opportunistic pathogen",0.0248605791843042
"MBSF28","Wastewater_Daphnia","LR2_36_1","D1","Waterborne pathogen",0.000470335281865215
"MBSF3","Wastewater_Daphnia","LRV_0_1","D1","Emerging pathogen",0
"MBSF3","Wastewater_Daphnia","LRV_0_1","D1","Faecal indicator",0
"MBSF3","Wastewater_Daphnia","LRV_0_1","D1","Opportunistic pathogen",0.0407985269890493
"MBSF3","Wastewater_Daphnia","LRV_0_1","D1","Waterborne pathogen",0
"MBSF30","Wastewater_Daphnia","LR2_36_1","D1","Emerging pathogen",0
"MBSF30","Wastewater_Daphnia","LR2_36_1","D1","Faecal indicator",0
"MBSF30","Wastewater_Daphnia","LR2_36_1","D1","Opportunistic pathogen",0.0587584511370621
"MBSF30","Wastewater_Daphnia","LR2_36_1","D1","Waterborne pathogen",0
"MBSF31","Wastewater_Daphnia","LR2_36_1","D2","Emerging pathogen",0
"MBSF31","Wastewater_Daphnia","LR2_36_1","D2","Faecal indicator",0
"MBSF31","Wastewater_Daphnia","LR2_36_1","D2","Opportunistic pathogen",0.0240542216709489
"MBSF31","Wastewater_Daphnia","LR2_36_1","D2","Waterborne pathogen",0
"MBSF32","Wastewater_Daphnia","LR2_36_1","D2","Emerging pathogen",0
"MBSF32","Wastewater_Daphnia","LR2_36_1","D2","Faecal indicator",0.000326287930971975
"MBSF32","Wastewater_Daphnia","LR2_36_1","D2","Opportunistic pathogen",0.100714208026683
"MBSF32","Wastewater_Daphnia","LR2_36_1","D2","Waterborne pathogen",0
"MBSF4","Wastewater_Daphnia","LRV_0_1","D2","Emerging pathogen",0
"MBSF4","Wastewater_Daphnia","LRV_0_1","D2","Faecal indicator",9.60430272762198e-05
"MBSF4","Wastewater_Daphnia","LRV_0_1","D2","Opportunistic pathogen",0.0426110897682162
"MBSF4","Wastewater_Daphnia","LRV_0_1","D2","Waterborne pathogen",0
"MBSF5","Wastewater_Daphnia","LRV_0_1","D2","Emerging pathogen",0
"MBSF5","Wastewater_Daphnia","LRV_0_1","D2","Faecal indicator",0.000288468472799827
"MBSF5","Wastewater_Daphnia","LRV_0_1","D2","Opportunistic pathogen",0.0255534988821847
"MBSF5","Wastewater_Daphnia","LRV_0_1","D2","Waterborne pathogen",0
"MBSF6","Wastewater_Daphnia","LRV_0_1","D2","Emerging pathogen",0
"MBSF6","Wastewater_Daphnia","LRV_0_1","D2","Faecal indicator",0
"MBSF6","Wastewater_Daphnia","LRV_0_1","D2","Opportunistic pathogen",0.0256429557144649
"MBSF6","Wastewater_Daphnia","LRV_0_1","D2","Waterborne pathogen",0
"MBSF7","Wastewater_Daphnia","LRV_0_1","D3","Emerging pathogen",0
"MBSF7","Wastewater_Daphnia","LRV_0_1","D3","Faecal indicator",0.000147670497895695
"MBSF7","Wastewater_Daphnia","LRV_0_1","D3","Opportunistic pathogen",0.0133887918092097
"MBSF7","Wastewater_Daphnia","LRV_0_1","D3","Waterborne pathogen",0
"MBSF8","Wastewater_Daphnia","LRV_0_1","D3","Emerging pathogen",0
"MBSF8","Wastewater_Daphnia","LRV_0_1","D3","Faecal indicator",9.0255422846656e-05
"MBSF8","Wastewater_Daphnia","LRV_0_1","D3","Opportunistic pathogen",0.0127560997623274
"MBSF8","Wastewater_Daphnia","LRV_0_1","D3","Waterborne pathogen",0
"MBSF9","Wastewater_Daphnia","LRV_0_1","D3","Emerging pathogen",0
"MBSF9","Wastewater_Daphnia","LRV_0_1","D3","Faecal indicator",0
"MBSF9","Wastewater_Daphnia","LRV_0_1","D3","Opportunistic pathogen",0.0113618075895587
"MBSF9","Wastewater_Daphnia","LRV_0_1","D3","Waterborne pathogen",0
"R1D1BW","Wastewater_Control","CONTROL","D1","Emerging pathogen",0
"R1D1BW","Wastewater_Control","CONTROL","D1","Faecal indicator",0
"R1D1BW","Wastewater_Control","CONTROL","D1","Opportunistic pathogen",0.00691037453631686
"R1D1BW","Wastewater_Control","CONTROL","D1","Waterborne pathogen",0
"R1D2BW","Wastewater_Control","CONTROL","D2","Emerging pathogen",0
"R1D2BW","Wastewater_Control","CONTROL","D2","Faecal indicator",0.000100434378687825
"R1D2BW","Wastewater_Control","CONTROL","D2","Opportunistic pathogen",0.00225977352047606
"R1D2BW","Wastewater_Control","CONTROL","D2","Waterborne pathogen",0
"R1D3BW","Wastewater_Control","CONTROL","D3","Emerging pathogen",0
"R1D3BW","Wastewater_Control","CONTROL","D3","Faecal indicator",0
"R1D3BW","Wastewater_Control","CONTROL","D3","Opportunistic pathogen",0.00109619073718827
"R1D3BW","Wastewater_Control","CONTROL","D3","Waterborne pathogen",0
"R2D1BW","Wastewater_Control","CONTROL","D1","Emerging pathogen",0
"R2D1BW","Wastewater_Control","CONTROL","D1","Faecal indicator",0
"R2D1BW","Wastewater_Control","CONTROL","D1","Opportunistic pathogen",0.00658598635250481
"R2D1BW","Wastewater_Control","CONTROL","D1","Waterborne pathogen",0
"R2D2BW","Wastewater_Control","CONTROL","D2","Emerging pathogen",0
"R2D2BW","Wastewater_Control","CONTROL","D2","Faecal indicator",0
"R2D2BW","Wastewater_Control","CONTROL","D2","Opportunistic pathogen",0.00266191140745335
"R2D2BW","Wastewater_Control","CONTROL","D2","Waterborne pathogen",0
"R2D3BW","Wastewater_Control","CONTROL","D3","Emerging pathogen",0
"R2D3BW","Wastewater_Control","CONTROL","D3","Faecal indicator",0
"R2D3BW","Wastewater_Control","CONTROL","D3","Opportunistic pathogen",0.00430731176834339
"R2D3BW","Wastewater_Control","CONTROL","D3","Waterborne pathogen",0
"R3D1BW","Wastewater_Control","CONTROL","D1","Emerging pathogen",0
"R3D1BW","Wastewater_Control","CONTROL","D1","Faecal indicator",0
"R3D1BW","Wastewater_Control","CONTROL","D1","Opportunistic pathogen",0.00434485344390287
"R3D1BW","Wastewater_Control","CONTROL","D1","Waterborne pathogen",0
"R3D2BW8532","Wastewater_Control","CONTROL","D2","Emerging pathogen",0
"R3D2BW8532","Wastewater_Control","CONTROL","D2","Faecal indicator",0
"R3D2BW8532","Wastewater_Control","CONTROL","D2","Opportunistic pathogen",0.0898003667439366
"R3D2BW8532","Wastewater_Control","CONTROL","D2","Waterborne pathogen",0
"R3D3BW","Wastewater_Control","CONTROL","D3","Emerging pathogen",0
"R3D3BW","Wastewater_Control","CONTROL","D3","Faecal indicator",0
"R3D3BW","Wastewater_Control","CONTROL","D3","Opportunistic pathogen",0.00512244754754052
"R3D3BW","Wastewater_Control","CONTROL","D3","Waterborne pathogen",0
