"Genotype","Day","Replicate","Tissue","Tissue_control","Water_ugL","IC","Water_RE"
"DM1900","D1",1,0.316056,0.05038,358.91,788.74,54.4957780764257
"DM1900","D1",2,0.252557,0.0284,316.45,788.74,59.8790475948982
"DM1900","D2",1,0.3366,0.0197,342.18,788.74,56.6168826229176
"DM1900","D2",2,0.5717,0.06997,274.25,788.74,65.2293531455232
"DM1900","D3",1,0.751,0.06126,381.33,788.74,51.6532697720415
"DM1900","D3",2,0.2716,0.0279,401.44,788.74,49.1036336435327
"DM1960","D1",1,0.4679,0.04384,208.69,788.74,73.5413444227502
"DM1960","D1",2,0.2319,0.0204,336.6,788.74,57.3243400867206
"DM1960","D2",1,0.30868,0.021368,352.55,788.74,55.3021274437711
"DM1960","D2",2,0.5208,0.06047,353.71,788.74,55.1550574333748
"DM1960","D3",1,0.28149,0.0315,436.91,788.74,44.6065877221898
"DM1960","D3",2,0.8269,0.07113,305.49,788.74,61.2686056241601
"DM1980","D1",1,0.24679,0.03371,188.99,788.74,76.0389989096534
"DM1980","D1",2,0.35987,0.03457,340.67,788.74,56.8083272054162
"DM1980","D2",1,0.2993,0.02127,436.68,788.74,44.6357481552856
"DM1980","D2",2,0.3238,0.06108,381.49,788.74,51.6329842533661
"DM1980","D3",1,0.74617,0.052,194.93,788.74,75.2858990288308
"DM1980","D3",2,0.5345,0.04947,273.84,788.74,65.2813347871289
"DM2015","D1",1,0.83106,0.0522,211.75,788.74,73.153383878084
"DM2015","D1",2,0.50711,0.0303,417.89,788.74,47.0180287547227
"DM2015","D2",1,0.4129,0.03247,270.91,788.74,65.6528133478713
"DM2015","D2",2,0.4005,0.04442,249.25,788.74,68.3989654385475
"DM2015","D3",1,0.8219,0.02604,342.61,788.74,56.5623652914775
"DM2015","D3",2,0.50839,0.0555,230.27,788.74,70.8053350914116
