"Genotype","Day","Replicate","Tissue","Tissue_control","Water_ugL","IC","Water_RE","Tissue_ng_per_sample","Tissue_pg_per_daphnia","Added_ng","Water"
"DM1900","D1",1,0.000801419986307275,0.05038,358.91,788.74,54.4957780764257,0.316056,31.6056,39437,45.5042219235743
"DM1900","D1",2,0.000640406217511474,0.0284,316.45,788.74,59.8790475948982,0.252557,25.2557,39437,40.1209524051018
"DM1900","D2",1,0.000853513198265588,0.0197,342.18,788.74,56.6168826229176,0.3366,33.66,39437,43.3831173770824
"DM1900","D2",2,0.0014496538783376,0.06997,274.25,788.74,65.2293531455232,0.5717,57.17,39437,34.7706468544768
"DM1900","D3",1,0.00190430306564901,0.06126,381.33,788.74,51.6532697720415,0.751,75.1,39437,48.3467302279585
"DM1900","D3",2,0.000688693359028324,0.0279,401.44,788.74,49.1036336435327,0.2716,27.16,39437,50.8963663564673
"DM1960","D1",1,0.00118644927352486,0.04384,208.69,788.74,73.5413444227502,0.4679,46.79,39437,26.4586555772498
"DM1960","D1",2,0.000588026472601871,0.0204,336.6,788.74,57.3243400867206,0.2319,23.19,39437,42.6756599132794
"DM1960","D2",1,0.000782716738088597,0.021368,352.55,788.74,55.3021274437711,0.30868,30.868,39437,44.6978725562289
"DM1960","D2",2,0.00132058726576565,0.06047,353.71,788.74,55.1550574333748,0.5208,52.08,39437,44.8449425666252
"DM1960","D3",1,0.000713771331490732,0.0315,436.91,788.74,44.6065877221898,0.28149,28.149,39437,55.3934122778102
"DM1960","D3",2,0.00209676192408145,0.07113,305.49,788.74,61.2686056241601,0.8269,82.69,39437,38.7313943758399
"DM1980","D1",1,0.000625782894236377,0.03371,188.99,788.74,76.0389989096534,0.24679,24.679,39437,23.9610010903466
"DM1980","D1",2,0.000912518700712529,0.03457,340.67,788.74,56.8083272054162,0.35987,35.987,39437,43.1916727945838
"DM1980","D2",1,0.000758931967441742,0.02127,436.68,788.74,44.6357481552856,0.2993,29.93,39437,55.3642518447144
"DM1980","D2",2,0.000821056368385019,0.06108,381.49,788.74,51.6329842533661,0.3238,32.38,39437,48.3670157466339
"DM1980","D3",1,0.00189205568374876,0.052,194.93,788.74,75.2858990288308,0.74617,74.617,39437,24.7141009711692
"DM1980","D3",2,0.0013553262164972,0.04947,273.84,788.74,65.2813347871289,0.5345,53.45,39437,34.7186652128712
"DM2015","D1",1,0.00210731039379263,0.0522,211.75,788.74,73.153383878084,0.83106,83.106,39437,26.846616121916
"DM2015","D1",2,0.00128587367193245,0.0303,417.89,788.74,47.0180287547227,0.50711,50.711,39437,52.9819712452773
"DM2015","D2",1,0.00104698633263179,0.03247,270.91,788.74,65.6528133478713,0.4129,41.29,39437,34.3471866521287
"DM2015","D2",2,0.00101554377868499,0.04442,249.25,788.74,68.3989654385475,0.4005,40.05,39437,31.6010345614524
"DM2015","D3",1,0.00208408347490935,0.02604,342.61,788.74,56.5623652914775,0.8219,82.19,39437,43.4376347085225
"DM2015","D3",2,0.00128911935492051,0.0555,230.27,788.74,70.8053350914116,0.50839,50.839,39437,29.1946649085884
