"Compound","Genotype","Day","Replicate","Medium","Daphnia","Medium_TS","Daphnia_TS","match"
"PFOS","LRII_36","D1",1,52.426383510971,23.1504178907335,52,23,TRUE
"PFOS","LRII_36","D1",2,67.684756097561,15.0725394548063,68,15,TRUE
"PFOS","LRII_36","D1",3,70.3253637,19.029234,70,19,TRUE
"PFOS","LRII_36","D2",1,63.3484162895928,19.853733348543,63,20,TRUE
"PFOS","LRII_36","D2",2,67.7376705141658,13.9344155710553,68,14,TRUE
"PFOS","LRII_36","D2",3,73.28292837,23.271827,73,23,TRUE
"PFOS","LRII_36","D3",1,79.1051179895801,24.3561257491044,79,24,TRUE
"PFOS","LRII_36","D3",2,66.7386204047914,18.8685336637759,67,19,TRUE
"PFOS","LRII_36","D3",3,61.9272979571758,25.8605943002554,62,26,TRUE
"PFOS","LRV0_1","D1",1,52.1369433877825,24.1887373111019,52,24,TRUE
"PFOS","LRV0_1","D1",2,56.2189060757407,19.8758762041402,56,20,TRUE
"PFOS","LRV0_1","D1",3,63.867,24.7869,64,25,TRUE
"PFOS","LRV0_1","D2",1,67.8733031674208,21.1773155717792,68,21,TRUE
"PFOS","LRV0_1","D2",2,63.0841875857616,24.0534130266307,63,24,TRUE
"PFOS","LRV0_1","D2",3,76.974849,26.753938,77,27,TRUE
"PFOS","LRV0_1","D3",1,60.0239043824701,28.0213679734842,60,28,TRUE
"PFOS","LRV0_1","D3",2,55.2973977695167,27.8800495662949,55,28,TRUE
"PFOS","LRV0_1","D3",3,53.2065458,18.987897,53,19,TRUE
"PFOS+PET","LRII_36","D1",1,67.684756097561,15.0725394548063,68,15,TRUE
"PFOS+PET","LRII_36","D1",2,52.426383510971,23.1504178907335,52,23,TRUE
"PFOS+PET","LRII_36","D1",3,69.4062738,21.82839387,69,22,TRUE
"PFOS+PET","LRII_36","D2",1,67.7376705141658,13.9344155710553,68,14,TRUE
"PFOS+PET","LRII_36","D2",2,63.3484162895928,19.853733348543,63,20,TRUE
"PFOS+PET","LRII_36","D2",3,74.54292837,23.971827,75,24,TRUE
"PFOS+PET","LRII_36","D3",1,51.5386204047914,24.8685336637759,52,25,TRUE
"PFOS+PET","LRII_36","D3",2,66.8051179895801,22.3561257491044,67,22,TRUE
"PFOS+PET","LRII_36","D3",3,57.374656,23.2839438,57,23,TRUE
"PFOS+PET","LRV0_1","D1",1,56.2189060757407,19.8758762041402,56,20,TRUE
"PFOS+PET","LRV0_1","D1",2,52.1369433877825,24.1887373111019,52,24,TRUE
"PFOS+PET","LRV0_1","D1",3,68.127336,21.5293846,68,22,TRUE
"PFOS+PET","LRV0_1","D2",1,63.0841875857616,24.7534130266307,63,25,TRUE
"PFOS+PET","LRV0_1","D2",2,67.8733031674208,21.1773155717792,68,21,TRUE
"PFOS+PET","LRV0_1","D2",3,57.61446,18.7894335,58,19,TRUE
"PFOS+PET","LRV0_1","D3",1,55.2973977695167,27.8800495662949,55,28,TRUE
"PFOS+PET","LRV0_1","D3",2,60.0239043824701,28.0213679734842,60,28,TRUE
"PFOS+PET","LRV0_1","D3",3,53.498943,18.6785433,53,19,TRUE
"PFOA","LRII_36","D1",1,65.00010087,49.6525423728814,65,50,TRUE
"PFOA","LRII_36","D1",2,63.7664945496271,32.8065375302664,64,33,TRUE
"PFOA","LRII_36","D1",3,68.65667,34.4456,69,34,TRUE
"PFOA","LRII_36","D2",1,54.7338709677419,29.3728601694915,55,29,TRUE
"PFOA","LRII_36","D2",2,54.44355,22.3513425762712,54,22,TRUE
"PFOA","LRII_36","D2",3,61.867834,30.56789,62,31,TRUE
"PFOA","LRII_36","D3",1,51.9655704008222,40.251210653753,52,40,TRUE
"PFOA","LRII_36","D3",2,49.8522388059701,26.4567508221603,50,26,TRUE
"PFOA","LRII_36","D3",3,52.245671,32.21784,52,32,TRUE
"PFOA","LRV0_1","D1",1,62,16.9370338983051,62,17,TRUE
"PFOA","LRV0_1","D1",2,59.047619047619,26.271186440678,59,26,TRUE
"PFOA","LRV0_1","D1",3,66.55678235,29.27567,67,29,TRUE
"PFOA","LRV0_1","D2",1,51.8426464539632,25.443406779661,52,25,TRUE
"PFOA","LRV0_1","D2",2,53.2155,34.1980703389831,53,34,TRUE
"PFOA","LRV0_1","D2",3,51.2537556,23.23573455,51,23,TRUE
"PFOA","LRV0_1","D3",1,65,47.0066585956417,65,47,TRUE
"PFOA","LRV0_1","D3",2,68.1343283582089,34.5236326840374,68,35,TRUE
"PFOA","LRV0_1","D3",3,58.273645,33.613737,58,34,TRUE
"PFOA+PET","LRII_36","D1",1,48.7664945496271,29.8065375302664,49,30,TRUE
"PFOA+PET","LRII_36","D1",2,59.41473837,28.6525423728814,59,29,TRUE
"PFOA+PET","LRII_36","D1",3,54.3948757,20.4293847,54,20,TRUE
"PFOA+PET","LRII_36","D2",1,54.44355,22.3513425762712,54,22,TRUE
"PFOA+PET","LRII_36","D2",2,54.7338709677419,29.3728601694915,55,29,TRUE
"PFOA+PET","LRII_36","D2",3,65.464566,28.26789,65,28,TRUE
"PFOA+PET","LRII_36","D3",1,49.5522388059701,26.0567508221603,50,26,TRUE
"PFOA+PET","LRII_36","D3",2,51.5005570400822,38.771210653753,52,39,TRUE
"PFOA+PET","LRII_36","D3",3,51.2455677,31.5368,51,32,TRUE
"PFOA+PET","LRV0_1","D1",1,59.047619047619,26.271186440678,59,26,TRUE
"PFOA+PET","LRV0_1","D1",2,62,16.9370338983051,62,17,TRUE
"PFOA+PET","LRV0_1","D1",3,49.9283746,21.0384746,50,21,TRUE
"PFOA+PET","LRV0_1","D2",1,53.2155,34.1980703389831,53,34,TRUE
"PFOA+PET","LRV0_1","D2",2,51.8426464539632,25.443406779661,52,25,TRUE
"PFOA+PET","LRV0_1","D2",3,63.3884746,31.92736457,63,32,TRUE
"PFOA+PET","LRV0_1","D3",1,68.1343283582089,34.5236326840374,68,35,TRUE
"PFOA+PET","LRV0_1","D3",2,65,47.0066585956417,65,47,TRUE
"PFOA+PET","LRV0_1","D3",3,62.4247465,32.203494847,62,32,TRUE
"PFOS+PFOA","LRII_36","D1",1,53.6081580628347,25.6413111282245,53.61,25.64,TRUE
"PFOS+PFOA","LRII_36","D1",2,65.7905337188436,16.5478054992999,65.79,16.55,TRUE
"PFOS+PFOA","LRII_36","D1",3,62.954433,29.4776854,62.95,29.48,TRUE
"PFOS+PFOA","LRII_36","D2",1,62.4527536068995,20.8434462523363,62.45,20.84,TRUE
"PFOS+PFOA","LRII_36","D2",2,66.1792231511955,14.9211177512871,66.18,14.92,TRUE
"PFOS+PFOA","LRII_36","D2",3,66.81265,28.28765,66.81,28.29,TRUE
"PFOS+PFOA","LRII_36","D3",1,75.3848972689231,26.5349838905486,75.38,26.53,TRUE
"PFOS+PFOA","LRII_36","D3",2,61.5335483791936,24.9900462719444,61.53,24.99,TRUE
"PFOS+PFOA","LRII_36","D3",3,61.723784,25.91743,61.72,25.92,TRUE
"PFOS+PFOA","LRV0_1","D1",1,53.0639566554514,23.5071610471539,53.06,23.51,TRUE
"PFOS+PFOA","LRV0_1","D1",2,56.5021356632334,20.5162172702681,56.5,20.52,TRUE
"PFOS+PFOA","LRV0_1","D1",3,61.72655432,27.61345,61.73,27.61,TRUE
"PFOS+PFOA","LRV0_1","D2",1,66.206580147125,21.6208652372704,66.21,21.62,TRUE
"PFOS+PFOA","LRV0_1","D2",2,61.9272979571758,25.8605943002554,61.93,25.86,TRUE
"PFOS+PFOA","LRV0_1","D2",3,55.381574,20.05843,55.38,20.06,TRUE
"PFOS+PFOA","LRV0_1","D3",1,60.7060150169146,30.6238237192647,60.71,30.62,TRUE
"PFOS+PFOA","LRV0_1","D3",2,56.6101619437283,28.5594532481261,56.61,28.56,TRUE
"PFOS+PFOA","LRV0_1","D3",3,52.138456,23.199203836,52.14,23.2,TRUE
"PFOS+PFOA+PET","LRII_36","D1",1,65.7905337188436,16.5478054992999,65.79,16.55,TRUE
"PFOS+PFOA+PET","LRII_36","D1",2,53.6081580628347,25.6413111282245,53.61,25.64,TRUE
"PFOS+PFOA+PET","LRII_36","D1",3,67.82938376,28.60281917,67.83,28.6,TRUE
"PFOS+PFOA+PET","LRII_36","D2",1,66.1792231511955,14.9211177512871,66.18,14.92,TRUE
"PFOS+PFOA+PET","LRII_36","D2",2,62.4527536068995,20.8434462523363,62.45,20.84,TRUE
"PFOS+PFOA+PET","LRII_36","D2",3,68.2345672,28.13736,68.23,28.14,TRUE
"PFOS+PFOA+PET","LRII_36","D3",1,51.3354837919361,24.9900462719444,51.34,24.99,TRUE
"PFOS+PFOA+PET","LRII_36","D3",2,55.7448972689231,25.349838905486,55.74,25.35,TRUE
"PFOS+PFOA+PET","LRII_36","D3",3,62.83682736,28.43384465,62.84,28.43,TRUE
"PFOS+PFOA+PET","LRV0_1","D1",1,56.5021356632334,20.5162172702681,56.5,20.52,TRUE
"PFOS+PFOA+PET","LRV0_1","D1",2,53.0639566554514,23.5071610471539,53.06,23.51,TRUE
"PFOS+PFOA+PET","LRV0_1","D1",3,59.4674464536,29.303938625,59.47,29.3,TRUE
"PFOS+PFOA+PET","LRV0_1","D2",1,61.9272979571758,25.8605943002554,61.93,25.86,TRUE
"PFOS+PFOA+PET","LRV0_1","D2",2,66.206580147125,21.6208652372704,66.21,21.62,TRUE
"PFOS+PFOA+PET","LRV0_1","D2",3,68.4829383765,33.48383765,68.48,33.48,TRUE
"PFOS+PFOA+PET","LRV0_1","D3",1,56.6101619437283,28.5594532481261,56.61,28.56,TRUE
"PFOS+PFOA+PET","LRV0_1","D3",2,60.7060150169146,30.6238237192647,60.71,30.62,TRUE
"PFOS+PFOA+PET","LRV0_1","D3",3,53.02938365,23.2238365,53.03,23.22,TRUE
