"Genotype","Replicate","Day","Chemical","Conc","IC_raw","RE_raw","IC_S3","FC","RE_S3","status"
"DM1900",1,"D1","Arsenic",358.91,788.74,54.4957780764257,788.74,358.91,54.4957780764257,"ok"
"DM1900",2,"D1","Arsenic",316.45,788.74,59.8790475948982,788.74,316.45,59.8790475948982,"ok"
"DM1900",1,"D2","Arsenic",342.18,788.74,56.6168826229176,788.74,342.18,56.6168826229176,"ok"
"DM1900",2,"D2","Arsenic",274.25,788.74,65.2293531455232,788.74,274.25,65.2293531455232,"ok"
"DM1900",1,"D3","Arsenic",381.33,788.74,51.6532697720415,788.74,381.33,51.6532697720415,"ok"
"DM1900",2,"D3","Arsenic",401.44,788.74,49.1036336435327,788.74,401.44,49.1036336435327,"ok"
"DM1960",1,"D1","Arsenic",208.69,788.74,73.5413444227502,788.74,208.69,73.5413444227502,"ok"
"DM1960",2,"D1","Arsenic",336.6,788.74,57.3243400867206,788.74,336.6,57.3243400867206,"ok"
"DM1960",1,"D2","Arsenic",352.55,788.74,55.3021274437711,788.74,352.55,55.3021274437711,"ok"
"DM1960",2,"D2","Arsenic",353.71,788.74,55.1550574333748,788.74,353.71,55.1550574333748,"ok"
"DM1960",1,"D3","Arsenic",436.91,788.74,44.6065877221898,788.74,436.91,44.6065877221898,"ok"
"DM1960",2,"D3","Arsenic",305.49,788.74,61.2686056241601,788.74,305.49,61.2686056241601,"ok"
"DM1980",2,"D1","Arsenic",340.67,788.74,56.8083272054162,788.74,340.67,56.8083272054162,"ok"
"DM1980",1,"D2","Arsenic",436.68,788.74,44.6357481552856,788.74,436.68,44.6357481552856,"ok"
"DM1980",2,"D2","Arsenic",381.49,788.74,51.6329842533661,788.74,381.49,51.6329842533661,"ok"
"DM1980",1,"D3","Arsenic",194.93,788.74,75.2858990288308,788.74,194.93,75.2858990288308,"ok"
"DM1980",2,"D3","Arsenic",273.84,788.74,65.2813347871289,788.74,273.84,65.2813347871289,"ok"
"DM2015",1,"D1","Arsenic",211.75,788.74,73.153383878084,788.74,211.75,73.153383878084,"ok"
"DM2015",2,"D1","Arsenic",417.89,788.74,47.0180287547227,788.74,417.89,47.0180287547227,"ok"
"DM2015",1,"D2","Arsenic",270.91,788.74,65.6528133478713,788.74,270.91,65.6528133478713,"ok"
"DM2015",2,"D2","Arsenic",249.25,788.74,68.3989654385475,788.74,249.25,68.3989654385475,"ok"
"DM2015",1,"D3","Arsenic",342.61,788.74,56.5623652914775,788.74,342.61,56.5623652914775,"ok"
"DM2015",2,"D3","Arsenic",230.27,788.74,70.8053350914116,788.74,230.27,70.8053350914116,"ok"
"DM1900",1,"D1","Atrazine",0.17,0.22,22.7272727272727,0.22,0.17,22.7272727272727,"ok"
"DM1900",2,"D1","Atrazine",0.06,0.22,72.7272727272727,0.22,0.06,72.7272727272727,"ok"
"DM1900",1,"D2","Atrazine",0.07,0.215,67.4418604651163,0.215,0.07,67.4418604651163,"ok"
"DM1900",2,"D2","Atrazine",0.07,0.215,67.4418604651163,0.215,0.07,67.4418604651163,"ok"
"DM1900",1,"D3","Atrazine",0.07,0.21,66.6666666666667,0.21,0.07,66.6666666666667,"ok"
"DM1900",2,"D3","Atrazine",0.1,0.21,52.3809523809524,0.21,0.1,52.3809523809524,"ok"
"DM1960",1,"D1","Atrazine",0.06,0.22,72.7272727272727,0.22,0.06,72.7272727272727,"ok"
"DM1960",2,"D1","Atrazine",0.06,0.22,72.7272727272727,0.22,0.06,72.7272727272727,"ok"
"DM1960",1,"D2","Atrazine",0.07,0.215,67.4418604651163,0.215,0.07,67.4418604651163,"ok"
"DM1960",2,"D2","Atrazine",0.08,0.215,62.7906976744186,0.215,0.08,62.7906976744186,"ok"
"DM1960",1,"D3","Atrazine",0.09,0.21,57.1428571428571,0.21,0.09,57.1428571428571,"ok"
"DM1960",2,"D3","Atrazine",0.05,0.21,76.1904761904762,0.21,0.05,76.1904761904762,"ok"
"DM1980",2,"D1","Atrazine",0.19,0.22,13.6363636363636,0.22,0.19,13.6363636363636,"ok"
"DM1980",1,"D2","Atrazine",0.06,0.215,72.093023255814,0.215,0.06,72.093023255814,"ok"
"DM1980",2,"D2","Atrazine",0.12,0.215,44.1860465116279,0.215,0.12,44.1860465116279,"ok"
"DM1980",1,"D3","Atrazine",0.07,0.21,66.6666666666667,0.21,0.07,66.6666666666667,"ok"
"DM1980",2,"D3","Atrazine",0.08,0.21,61.9047619047619,0.21,0.08,61.9047619047619,"ok"
"DM2015",1,"D1","Atrazine",0.13,0.22,40.9090909090909,0.22,0.13,40.9090909090909,"ok"
"DM2015",2,"D1","Atrazine",0.09,0.22,59.0909090909091,0.22,0.09,59.0909090909091,"ok"
"DM2015",1,"D2","Atrazine",0.09,0.215,58.1395348837209,0.215,0.09,58.1395348837209,"ok"
"DM2015",2,"D2","Atrazine",0.06,0.215,72.093023255814,0.215,0.06,72.093023255814,"ok"
"DM2015",1,"D3","Atrazine",0.08,0.21,61.9047619047619,0.21,0.08,61.9047619047619,"ok"
"DM2015",2,"D3","Atrazine",0.06,0.21,71.4285714285714,0.21,0.06,71.4285714285714,"ok"
"DM1900",1,"D1","Diclofenac",0.23,1.865,87.6675603217158,1.865,0.23,87.6675603217158,"ok"
"DM1900",2,"D1","Diclofenac",0.28,1.865,84.9865951742627,1.865,0.28,84.9865951742627,"ok"
"DM1900",1,"D2","Diclofenac",0.01,1.89,99.4708994708995,1.89,0.01,99.4708994708995,"ok"
"DM1900",2,"D2","Diclofenac",0.03,1.89,98.4126984126984,1.89,0.03,98.4126984126984,"ok"
"DM1900",1,"D3","Diclofenac",0.02,1.84,98.9130434782609,1.84,0.02,98.9130434782609,"ok"
"DM1900",2,"D3","Diclofenac",0.02,1.84,98.9130434782609,1.84,0.02,98.9130434782609,"ok"
"DM1960",1,"D1","Diclofenac",0.31,1.865,83.3780160857909,1.865,0.31,83.3780160857909,"ok"
"DM1960",2,"D1","Diclofenac",0.04,1.865,97.8552278820375,1.865,0.04,97.8552278820375,"ok"
"DM1960",1,"D2","Diclofenac",0.06,1.89,96.8253968253968,1.89,0.06,96.8253968253968,"ok"
"DM1960",2,"D2","Diclofenac",0.06,1.89,96.8253968253968,1.89,0.06,96.8253968253968,"ok"
"DM1960",1,"D3","Diclofenac",0.03,1.84,98.3695652173913,1.84,0.03,98.3695652173913,"ok"
"DM1960",2,"D3","Diclofenac",0.26,1.84,85.8695652173913,1.84,0.26,85.8695652173913,"ok"
"DM1980",2,"D1","Diclofenac",0.22,1.865,88.2037533512064,1.865,0.22,88.2037533512064,"ok"
"DM1980",1,"D2","Diclofenac",0.37,1.89,80.4232804232804,1.89,0.37,80.4232804232804,"ok"
"DM1980",2,"D2","Diclofenac",0.11,1.89,94.1798941798942,1.89,0.11,94.1798941798942,"ok"
"DM1980",1,"D3","Diclofenac",0.18,1.84,90.2173913043478,1.84,0.18,90.2173913043478,"ok"
"DM1980",2,"D3","Diclofenac",0.14,1.84,92.3913043478261,1.84,0.14,92.3913043478261,"ok"
"DM2015",1,"D1","Diclofenac",0.33,1.865,82.3056300268097,1.865,0.33,82.3056300268097,"ok"
"DM2015",2,"D1","Diclofenac",0.25,1.865,86.5951742627346,1.865,0.25,86.5951742627346,"ok"
"DM2015",1,"D2","Diclofenac",0.23,1.89,87.8306878306878,1.89,0.23,87.8306878306878,"ok"
"DM2015",2,"D2","Diclofenac",0.24,1.89,87.3015873015873,1.89,0.24,87.3015873015873,"ok"
"DM2015",1,"D3","Diclofenac",0.23,1.84,87.5,1.84,0.23,87.5,"ok"
"DM2015",2,"D3","Diclofenac",0.61,1.84,66.8478260869565,1.84,0.61,66.8478260869565,"ok"
"DM1900",1,"D1","PFOS",13.54,71.765,81.1328642095729,71.765,13.54,81.1328642095729,"ok"
"DM1900",2,"D1","PFOS",29.83,71.765,58.4337769107504,71.765,29.83,58.4337769107504,"ok"
"DM1900",1,"D2","PFOS",30.79,70.83,56.5297190456021,70.83,30.79,56.5297190456021,"ok"
"DM1900",2,"D2","PFOS",29.32,70.83,58.6051108287449,70.83,29.32,58.6051108287449,"ok"
"DM1960",1,"D1","PFOS",43.97,71.765,38.730578973037,71.765,43.97,38.730578973037,"ok"
"DM1960",2,"D1","PFOS",60.31,71.765,15.9618198286072,71.765,60.31,15.9618198286073,"ok"
"DM1960",1,"D3","PFOS",46.91,67.035,30.0216304915343,67.035,46.91,30.0216304915343,"ok"
"DM1960",2,"D3","PFOS",10.44,67.035,84.4260460953233,67.035,10.44,84.4260460953233,"ok"
"DM1980",2,"D1","PFOS",67.6,71.765,5.80366473907893,71.765,67.6,5.80366473907895,"ok"
"DM1980",1,"D2","PFOS",36.01,70.83,49.1599604687279,70.83,36.01,49.1599604687279,"ok"
"DM1980",2,"D2","PFOS",17.735,70.83,74.9611746435126,70.83,17.735,74.9611746435126,"ok"
"DM1980",1,"D3","PFOS",44.25,67.035,33.9897068695458,67.035,44.25,33.9897068695458,"ok"
"DM1980",2,"D3","PFOS",52.01,67.035,22.4136645036175,67.035,52.01,22.4136645036175,"ok"
"DM2015",1,"D1","PFOS",11.84,71.765,83.5017069602174,71.765,11.84,83.5017069602174,"ok"
"DM2015",2,"D1","PFOS",32.67,71.765,54.476416080262,71.765,32.67,54.476416080262,"ok"
"DM2015",1,"D2","PFOS",41.867,70.83,40.8908654524919,70.83,41.867,40.8908654524919,"ok"
"DM2015",2,"D2","PFOS",44.29,70.83,37.4699985881689,70.83,44.29,37.4699985881689,"ok"
"DM2015",1,"D3","PFOS",36.199,67.035,45.9998508241963,67.035,36.199,45.9998508241963,"ok"
"DM2015",2,"D3","PFOS",39.8,67.035,40.6280301335123,67.035,39.8,40.6280301335123,"ok"
"DM1980",1,"D1","Arsenic",188.99,788.74,76.0389989096534,NA,NA,NA,"missing from Table S3"
"DM1980",1,"D1","Atrazine",0.16,0.22,27.2727272727273,NA,NA,NA,"missing from Table S3"
"DM1980",1,"D1","Diclofenac",0.33,1.865,82.3056300268097,NA,NA,NA,"missing from Table S3"
"DM1900",1,"D3","PFOS",19.54,67.035,70.8510479600209,67.035,13.54,79.8015961810994,"final concentration differs"
"DM1900",2,"D3","PFOS",45.92,67.035,31.4984709480122,67.035,29.83,55.5008577608712,"final concentration differs"
"DM1960",1,"D2","PFOS",60.12,70.83,15.1207115628971,70.83,43.97,37.9217845545673,"final concentration differs"
"DM1960",2,"D2","PFOS",41.05,70.83,42.0443314979528,70.83,60.31,14.852463645348,"final concentration differs"
"DM1980",1,"D1","PFOS",53.22,71.765,25.8412875357068,NA,NA,NA,"missing from Table S3"
