"Genotype","Exposure","Day","Replicate_PET","Replicate_noPET","Medium","Daphnia"
"LRII_36","PFOS","D1",1,2,67.684756097561,15.0725394548063
"LRII_36","PFOS","D1",2,1,52.426383510971,23.1504178907335
"LRII_36","PFOS","D2",1,2,67.7376705141658,13.9344155710553
"LRII_36","PFOS","D2",2,1,63.3484162895928,19.853733348543
"LRV0_1","PFOS","D1",1,2,56.2189060757407,19.8758762041402
"LRV0_1","PFOS","D1",2,1,52.1369433877825,24.1887373111019
"LRV0_1","PFOS","D2",2,1,67.8733031674208,21.1773155717792
"LRV0_1","PFOS","D3",1,2,55.2973977695167,27.8800495662949
"LRV0_1","PFOS","D3",2,1,60.0239043824701,28.0213679734842
"LRII_36","PFOA","D2",1,2,54.44355,22.3513425762712
"LRII_36","PFOA","D2",2,1,54.7338709677419,29.3728601694915
"LRV0_1","PFOA","D1",1,2,59.047619047619,26.271186440678
"LRV0_1","PFOA","D1",2,1,62,16.9370338983051
"LRV0_1","PFOA","D2",1,2,53.2155,34.1980703389831
"LRV0_1","PFOA","D2",2,1,51.8426464539632,25.443406779661
"LRV0_1","PFOA","D3",1,2,68.1343283582089,34.5236326840374
"LRV0_1","PFOA","D3",2,1,65,47.0066585956417
"LRII_36","PFOS+PFOA","D1",1,2,65.7905337188436,16.5478054992999
"LRII_36","PFOS+PFOA","D1",2,1,53.6081580628347,25.6413111282245
"LRII_36","PFOS+PFOA","D2",1,2,66.1792231511955,14.9211177512871
"LRII_36","PFOS+PFOA","D2",2,1,62.4527536068995,20.8434462523363
"LRV0_1","PFOS+PFOA","D1",1,2,56.5021356632334,20.5162172702681
"LRV0_1","PFOS+PFOA","D1",2,1,53.0639566554514,23.5071610471539
"LRV0_1","PFOS+PFOA","D2",1,2,61.9272979571758,25.8605943002554
"LRV0_1","PFOS+PFOA","D2",2,1,66.206580147125,21.6208652372704
"LRV0_1","PFOS+PFOA","D3",1,2,56.6101619437283,28.5594532481261
"LRV0_1","PFOS+PFOA","D3",2,1,60.7060150169146,30.6238237192647
