"Genotype","Compound","n","Water_mean","Water_sd","Tissue_mean","Tissue_sd","Total_mean","Total_sd","Group"
"LRII_36","PET",3,58.6717448745247,17.2034346375868,36.8721543502847,5.93772086243706,95.5438992248094,23.1142139644655,"Single chemicals"
"LRII_36","PFOA",9,58.059111177129,6.80051257719435,33.1247304583138,7.96684914761493,91.1838416354428,12.4903089665331,"Single chemicals"
"LRII_36","PFOA+PET",9,54.3907176814913,5.2592682925699,28.360590980536,5.31508894636869,82.7513086620272,6.83765582944784,"Mixtures"
"LRII_36","PFOS",9,66.9529505370931,7.49654275721431,20.3774912198082,4.12287920979197,87.3304417569013,8.37174142159155,"Single chemicals"
"LRII_36","PFOS+PET",9,63.4294247751847,7.95630056966186,20.9244367053354,3.91284948971639,84.3538614805201,7.38153623196004,"Mixtures"
"LRII_36","PFOS+PFOA",9,64.0488867986545,5.79010475500685,23.6846084659601,5.11365385244238,87.7334952646145,7.44855292951904,"Mixtures"
"LRII_36","PFOS+PFOA+PET",9,61.5568697689592,6.3943804301574,23.718621069842,5.13165908571193,85.2754908388012,7.47842810714846,"Mixtures"
"LRV0_1","PET",3,62.1268620062273,5.76316215753593,28.6146338465664,13.9395188507404,90.7414958527937,14.2834126481923,"Single chemicals"
"LRV0_1","PFOA",9,59.4804752010879,6.40981198796351,30.0561255874785,8.60183007365084,89.5366007885664,12.4166060160321,"Single chemicals"
"LRV0_1","PFOA+PET",9,59.4424099510879,6.37031021988804,29.9499247504785,8.81389281883626,89.3923347015664,13.0660348876107,"Mixtures"
"LRV0_1","PFOS",9,60.9647819076325,7.98916028062074,23.9694994059368,3.34583312174061,84.9342813135693,9.46163847370458,"Single chemicals"
"LRV0_1","PFOS+PET",9,59.3194868187436,5.91164883403852,22.7660134503812,3.61719370360366,82.0855002691248,6.84788071671603,"Mixtures"
"LRV0_1","PFOS+PFOA",9,58.2514146337365,4.65250055802634,24.6176887398154,3.74108599451011,82.8691033735519,6.64585076971543,"Mixtures"
"LRV0_1","PFOS+PFOA+PET",9,59.5551017626365,5.4039483839347,26.2999697330376,4.4333114687075,85.8550714956741,8.38626728334815,"Mixtures"
