"Genotype","Compound","Compartment","Day","n","Mean","SD"
"LRII_36","PET","Water (medium)","D1",1,44.5993031358885,NA
"LRII_36","PET","Water (medium)","D2",1,53.5657686212361,NA
"LRII_36","PET","Water (medium)","D3",1,77.8501628664495,NA
"LRII_36","PET","Daphnia tissue","D1",1,32.5783972125435,NA
"LRII_36","PET","Daphnia tissue","D2",1,34.3898573692552,NA
"LRII_36","PET","Daphnia tissue","D3",1,43.6482084690554,NA
"LRII_36","PFOS","Water (medium)","D1",3,63.4788344361773,9.66233438244019
"LRII_36","PFOS","Water (medium)","D2",3,68.1230050579195,4.97845303301103
"LRII_36","PFOS","Water (medium)","D3",3,69.2570121171824,8.86149523947274
"LRII_36","PFOS","Daphnia tissue","D1",3,19.0840637818466,4.03921833219466
"LRII_36","PFOS","Daphnia tissue","D2",3,19.0199919731994,4.7242096226847
"LRII_36","PFOS","Daphnia tissue","D3",3,23.0284179043786,3.68026277278694
"LRII_36","PFOA","Water (medium)","D1",3,65.8077551398757,2.54316398381894
"LRII_36","PFOA","Water (medium)","D2",3,57.0150849892473,4.2051101397108
"LRII_36","PFOA","Water (medium)","D3",3,51.3544934022641,1.30850706550625
"LRII_36","PFOA","Daphnia tissue","D1",3,38.9682266343826,9.28911102016077
"LRII_36","PFOA","Daphnia tissue","D2",3,27.4306975819209,4.43924650464638
"LRII_36","PFOA","Daphnia tissue","D3",3,32.9752671586378,6.92835135056226
"LRII_36","PFOS+PET","Water (medium)","D1",3,63.1724711361773,9.3461064212009
"LRII_36","PFOS+PET","Water (medium)","D2",3,68.5430050579195,5.64054057472492
"LRII_36","PFOS+PET","Water (medium)","D3",3,58.5727981314572,7.70345023687239
"LRII_36","PFOS+PET","Daphnia tissue","D1",3,20.0171170718466,4.33284810904456
"LRII_36","PFOS+PET","Daphnia tissue","D2",3,19.2533253065328,5.04556978062542
"LRII_36","PFOS+PET","Daphnia tissue","D3",3,23.5028677376268,1.27043069479429
"LRII_36","PFOA+PET","Water (medium)","D1",3,54.1920362065424,5.32701905474414
"LRII_36","PFOA+PET","Water (medium)","D2",3,58.213995655914,6.28085577783653
"LRII_36","PFOA+PET","Water (medium)","D3",3,50.7661211820175,1.05895595189204
"LRII_36","PFOA+PET","Daphnia tissue","D1",3,26.2961548677159,5.11343039029751
"LRII_36","PFOA+PET","Daphnia tissue","D2",3,26.6640309152543,3.77553973635116
"LRII_36","PFOA+PET","Daphnia tissue","D3",3,32.1215871586378,6.37737047833797
"LRII_36","PFOS+PFOA","Water (medium)","D1",3,60.7843749272261,6.37451434898675
"LRII_36","PFOS+PFOA","Water (medium)","D2",3,65.148208919365,2.35572003840023
"LRII_36","PFOS+PFOA","Water (medium)","D3",3,66.2140765493722,7.94273327642716
"LRII_36","PFOS+PFOA","Daphnia tissue","D1",3,23.8889340091748,6.64067524707834
"LRII_36","PFOS+PFOA","Daphnia tissue","D2",3,21.3507380012078,6.69769025693373
"LRII_36","PFOS+PFOA","Daphnia tissue","D3",3,25.8141533874977,0.777629478197702
"LRII_36","PFOS+PFOA+PET","Water (medium)","D1",3,62.4093585138928,7.68993331618418
"LRII_36","PFOS+PFOA+PET","Water (medium)","D2",3,65.622181319365,2.93088106345979
"LRII_36","PFOS+PFOA+PET","Water (medium)","D3",3,56.6390694736197,5.80257562780532
"LRII_36","PFOS+PFOA+PET","Daphnia tissue","D1",3,23.5973119325081,6.28206082303082
"LRII_36","PFOS+PFOA+PET","Daphnia tissue","D2",3,21.3006413345412,6.61997245474329
"LRII_36","PFOS+PFOA+PET","Daphnia tissue","D3",3,26.2579099424768,1.89298219044467
"LRV0_1","PET","Water (medium)","D1",1,56.71875,NA
"LRV0_1","PET","Water (medium)","D2",1,68.189233278956,NA
"LRV0_1","PET","Water (medium)","D3",1,61.472602739726,NA
"LRV0_1","PET","Daphnia tissue","D1",1,21.25,NA
"LRV0_1","PET","Daphnia tissue","D2",1,19.9021207177814,NA
"LRV0_1","PET","Daphnia tissue","D3",1,44.6917808219178,NA
"LRV0_1","PFOS","Water (medium)","D1",3,57.4076164878411,5.95468986298479
"LRV0_1","PFOS","Water (medium)","D2",3,69.3107799177275,7.05601680744932
"LRV0_1","PFOS","Water (medium)","D3",3,56.1759493173289,3.49256125602933
"LRV0_1","PFOS","Daphnia tissue","D1",3,22.9505045050807,2.67945032465722
"LRV0_1","PFOS","Daphnia tissue","D2",3,23.9948888661366,2.78877181475195
"LRV0_1","PFOS","Daphnia tissue","D3",3,24.963104846593,5.1751641839214
"LRV0_1","PFOA","Water (medium)","D1",3,62.534800465873,3.78304005122597
"LRV0_1","PFOA","Water (medium)","D2",3,52.1039673513211,1.00664131212651
"LRV0_1","PFOA","Water (medium)","D3",3,63.8026577860697,5.03820308797288
"LRV0_1","PFOA","Daphnia tissue","D1",3,24.161296779661,6.43422186427869
"LRV0_1","PFOA","Daphnia tissue","D2",3,27.6257372228814,5.7978553026235
"LRV0_1","PFOA","Daphnia tissue","D3",3,38.381342759893,7.48358420068682
"LRV0_1","PFOS+PET","Water (medium)","D1",3,58.8277284878411,8.30828681237131
"LRV0_1","PFOS+PET","Water (medium)","D2",3,62.8573169177275,5.13318307762784
"LRV0_1","PFOS+PET","Water (medium)","D3",3,56.2734150506623,3.37019844527035
"LRV0_1","PFOS+PET","Daphnia tissue","D1",3,21.864666038414,2.17589130339603
"LRV0_1","PFOS+PET","Daphnia tissue","D2",3,21.5733873661367,3.00165247792474
"LRV0_1","PFOS+PET","Daphnia tissue","D3",3,24.859986946593,5.35375353280824
"LRV0_1","PFOA+PET","Water (medium)","D1",3,56.9919978825397,6.29287046825397
"LRV0_1","PFOA+PET","Water (medium)","D2",3,56.1488736846544,6.30714259984829
"LRV0_1","PFOA+PET","Water (medium)","D3",3,65.1863582860696,2.85934928034112
"LRV0_1","PFOA+PET","Daphnia tissue","D1",3,21.415564979661,4.67848787397127
"LRV0_1","PFOA+PET","Daphnia tissue","D2",3,30.522947229548,4.54316239626672
"LRV0_1","PFOA+PET","Daphnia tissue","D3",3,37.9112620422264,7.96181127279605
"LRV0_1","PFOS+PFOA","Water (medium)","D1",3,57.0975488795616,4.36188459820918
"LRV0_1","PFOS+PFOA","Water (medium)","D2",3,61.1718173681003,5.45190358605836
"LRV0_1","PFOS+PFOA","Water (medium)","D3",3,56.4848776535476,4.28515332188983
"LRV0_1","PFOS+PFOA","Daphnia tissue","D1",3,23.878942772474,3.56319299834517
"LRV0_1","PFOS+PFOA","Daphnia tissue","D2",3,22.5132965125086,3.00226628192054
"LRV0_1","PFOS+PFOA","Daphnia tissue","D3",3,27.4608269344636,3.83229434354227
"LRV0_1","PFOS+PFOA+PET","Water (medium)","D1",3,56.3445129240949,3.20465350617948
"LRV0_1","PFOS+PFOA+PET","Water (medium)","D2",3,65.5389388269336,3.32842515706596
"LRV0_1","PFOS+PFOA+PET","Water (medium)","D3",3,56.781853536881,3.84119457828472
"LRV0_1","PFOS+PFOA+PET","Daphnia tissue","D1",3,24.4424389808073,4.46789326886701
"LRV0_1","PFOS+PFOA+PET","Daphnia tissue","D2",3,26.9884323958419,6.01136778892192
"LRV0_1","PFOS+PFOA+PET","Daphnia tissue","D3",3,27.4690378224636,3.81860014425604
