"Genotype","Day","Replicate","Compound","Compartment","Recovery"
"LRII_36","D1",1,"PFOS","Water (medium)",52.426383510971
"LRII_36","D1",1,"PFOS","Daphnia tissue",23.1504178907335
"LRII_36","D1",2,"PFOS","Water (medium)",67.684756097561
"LRII_36","D1",2,"PFOS","Daphnia tissue",15.0725394548063
"LRII_36","D1",3,"PFOS","Water (medium)",70.3253637
"LRII_36","D1",3,"PFOS","Daphnia tissue",19.029234
"LRII_36","D2",1,"PFOS","Water (medium)",63.3484162895928
"LRII_36","D2",1,"PFOS","Daphnia tissue",19.853733348543
"LRII_36","D2",2,"PFOS","Water (medium)",67.7376705141658
"LRII_36","D2",2,"PFOS","Daphnia tissue",13.9344155710553
"LRII_36","D2",3,"PFOS","Water (medium)",73.28292837
"LRII_36","D2",3,"PFOS","Daphnia tissue",23.271827
"LRII_36","D3",1,"PFOS","Water (medium)",79.1051179895801
"LRII_36","D3",1,"PFOS","Daphnia tissue",24.3561257491044
"LRII_36","D3",2,"PFOS","Water (medium)",66.7386204047914
"LRII_36","D3",2,"PFOS","Daphnia tissue",18.8685336637759
"LRII_36","D3",3,"PFOS","Water (medium)",61.9272979571758
"LRII_36","D3",3,"PFOS","Daphnia tissue",25.8605943002554
"LRV0_1","D1",1,"PFOS","Water (medium)",52.1369433877825
"LRV0_1","D1",1,"PFOS","Daphnia tissue",24.1887373111019
"LRV0_1","D1",2,"PFOS","Water (medium)",56.2189060757407
"LRV0_1","D1",2,"PFOS","Daphnia tissue",19.8758762041402
"LRV0_1","D1",3,"PFOS","Water (medium)",63.867
"LRV0_1","D1",3,"PFOS","Daphnia tissue",24.7869
"LRV0_1","D2",1,"PFOS","Water (medium)",67.8733031674208
"LRV0_1","D2",1,"PFOS","Daphnia tissue",21.1773155717792
"LRV0_1","D2",2,"PFOS","Water (medium)",63.0841875857616
"LRV0_1","D2",2,"PFOS","Daphnia tissue",24.0534130266307
"LRV0_1","D2",3,"PFOS","Water (medium)",76.974849
"LRV0_1","D2",3,"PFOS","Daphnia tissue",26.753938
"LRV0_1","D3",1,"PFOS","Water (medium)",60.0239043824701
"LRV0_1","D3",1,"PFOS","Daphnia tissue",28.0213679734842
"LRV0_1","D3",2,"PFOS","Water (medium)",55.2973977695167
"LRV0_1","D3",2,"PFOS","Daphnia tissue",27.8800495662949
"LRV0_1","D3",3,"PFOS","Water (medium)",53.2065458
"LRV0_1","D3",3,"PFOS","Daphnia tissue",18.987897
"LRII_36","D1",1,"PFOS+PET","Water (medium)",67.684756097561
"LRII_36","D1",1,"PFOS+PET","Daphnia tissue",15.0725394548063
"LRII_36","D1",2,"PFOS+PET","Water (medium)",52.426383510971
"LRII_36","D1",2,"PFOS+PET","Daphnia tissue",23.1504178907335
"LRII_36","D1",3,"PFOS+PET","Water (medium)",69.4062738
"LRII_36","D1",3,"PFOS+PET","Daphnia tissue",21.82839387
"LRII_36","D2",1,"PFOS+PET","Water (medium)",67.7376705141658
"LRII_36","D2",1,"PFOS+PET","Daphnia tissue",13.9344155710553
"LRII_36","D2",2,"PFOS+PET","Water (medium)",63.3484162895928
"LRII_36","D2",2,"PFOS+PET","Daphnia tissue",19.853733348543
"LRII_36","D2",3,"PFOS+PET","Water (medium)",74.54292837
"LRII_36","D2",3,"PFOS+PET","Daphnia tissue",23.971827
"LRII_36","D3",1,"PFOS+PET","Water (medium)",51.5386204047914
"LRII_36","D3",1,"PFOS+PET","Daphnia tissue",24.8685336637759
"LRII_36","D3",2,"PFOS+PET","Water (medium)",66.8051179895801
"LRII_36","D3",2,"PFOS+PET","Daphnia tissue",22.3561257491044
"LRII_36","D3",3,"PFOS+PET","Water (medium)",57.374656
"LRII_36","D3",3,"PFOS+PET","Daphnia tissue",23.2839438
"LRV0_1","D1",1,"PFOS+PET","Water (medium)",56.2189060757407
"LRV0_1","D1",1,"PFOS+PET","Daphnia tissue",19.8758762041402
"LRV0_1","D1",2,"PFOS+PET","Water (medium)",52.1369433877825
"LRV0_1","D1",2,"PFOS+PET","Daphnia tissue",24.1887373111019
"LRV0_1","D1",3,"PFOS+PET","Water (medium)",68.127336
"LRV0_1","D1",3,"PFOS+PET","Daphnia tissue",21.5293846
"LRV0_1","D2",1,"PFOS+PET","Water (medium)",63.0841875857616
"LRV0_1","D2",1,"PFOS+PET","Daphnia tissue",24.7534130266307
"LRV0_1","D2",2,"PFOS+PET","Water (medium)",67.8733031674208
"LRV0_1","D2",2,"PFOS+PET","Daphnia tissue",21.1773155717792
"LRV0_1","D2",3,"PFOS+PET","Water (medium)",57.61446
"LRV0_1","D2",3,"PFOS+PET","Daphnia tissue",18.7894335
"LRV0_1","D3",1,"PFOS+PET","Water (medium)",55.2973977695167
"LRV0_1","D3",1,"PFOS+PET","Daphnia tissue",27.8800495662949
"LRV0_1","D3",2,"PFOS+PET","Water (medium)",60.0239043824701
"LRV0_1","D3",2,"PFOS+PET","Daphnia tissue",28.0213679734842
"LRV0_1","D3",3,"PFOS+PET","Water (medium)",53.498943
"LRV0_1","D3",3,"PFOS+PET","Daphnia tissue",18.6785433
"LRII_36","D1",1,"PFOA","Water (medium)",65.00010087
"LRII_36","D1",1,"PFOA","Daphnia tissue",49.6525423728814
"LRII_36","D1",2,"PFOA","Water (medium)",63.7664945496271
"LRII_36","D1",2,"PFOA","Daphnia tissue",32.8065375302664
"LRII_36","D1",3,"PFOA","Water (medium)",68.65667
"LRII_36","D1",3,"PFOA","Daphnia tissue",34.4456
"LRII_36","D2",1,"PFOA","Water (medium)",54.7338709677419
"LRII_36","D2",1,"PFOA","Daphnia tissue",29.3728601694915
"LRII_36","D2",2,"PFOA","Water (medium)",54.44355
"LRII_36","D2",2,"PFOA","Daphnia tissue",22.3513425762712
"LRII_36","D2",3,"PFOA","Water (medium)",61.867834
"LRII_36","D2",3,"PFOA","Daphnia tissue",30.56789
"LRII_36","D3",1,"PFOA","Water (medium)",51.9655704008222
"LRII_36","D3",1,"PFOA","Daphnia tissue",40.251210653753
"LRII_36","D3",2,"PFOA","Water (medium)",49.8522388059701
"LRII_36","D3",2,"PFOA","Daphnia tissue",26.4567508221603
"LRII_36","D3",3,"PFOA","Water (medium)",52.245671
"LRII_36","D3",3,"PFOA","Daphnia tissue",32.21784
"LRV0_1","D1",1,"PFOA","Water (medium)",62
"LRV0_1","D1",1,"PFOA","Daphnia tissue",16.9370338983051
"LRV0_1","D1",2,"PFOA","Water (medium)",59.047619047619
"LRV0_1","D1",2,"PFOA","Daphnia tissue",26.271186440678
"LRV0_1","D1",3,"PFOA","Water (medium)",66.55678235
"LRV0_1","D1",3,"PFOA","Daphnia tissue",29.27567
"LRV0_1","D2",1,"PFOA","Water (medium)",51.8426464539632
"LRV0_1","D2",1,"PFOA","Daphnia tissue",25.443406779661
"LRV0_1","D2",2,"PFOA","Water (medium)",53.2155
"LRV0_1","D2",2,"PFOA","Daphnia tissue",34.1980703389831
"LRV0_1","D2",3,"PFOA","Water (medium)",51.2537556
"LRV0_1","D2",3,"PFOA","Daphnia tissue",23.23573455
"LRV0_1","D3",1,"PFOA","Water (medium)",65
"LRV0_1","D3",1,"PFOA","Daphnia tissue",47.0066585956417
"LRV0_1","D3",2,"PFOA","Water (medium)",68.1343283582089
"LRV0_1","D3",2,"PFOA","Daphnia tissue",34.5236326840374
"LRV0_1","D3",3,"PFOA","Water (medium)",58.273645
"LRV0_1","D3",3,"PFOA","Daphnia tissue",33.613737
"LRII_36","D1",1,"PFOA+PET","Water (medium)",48.7664945496271
"LRII_36","D1",1,"PFOA+PET","Daphnia tissue",29.8065375302664
"LRII_36","D1",2,"PFOA+PET","Water (medium)",59.41473837
"LRII_36","D1",2,"PFOA+PET","Daphnia tissue",28.6525423728814
"LRII_36","D1",3,"PFOA+PET","Water (medium)",54.3948757
"LRII_36","D1",3,"PFOA+PET","Daphnia tissue",20.4293847
"LRII_36","D2",1,"PFOA+PET","Water (medium)",54.44355
"LRII_36","D2",1,"PFOA+PET","Daphnia tissue",22.3513425762712
"LRII_36","D2",2,"PFOA+PET","Water (medium)",54.7338709677419
"LRII_36","D2",2,"PFOA+PET","Daphnia tissue",29.3728601694915
"LRII_36","D2",3,"PFOA+PET","Water (medium)",65.464566
"LRII_36","D2",3,"PFOA+PET","Daphnia tissue",28.26789
"LRII_36","D3",1,"PFOA+PET","Water (medium)",49.5522388059701
"LRII_36","D3",1,"PFOA+PET","Daphnia tissue",26.0567508221603
"LRII_36","D3",2,"PFOA+PET","Water (medium)",51.5005570400822
"LRII_36","D3",2,"PFOA+PET","Daphnia tissue",38.771210653753
"LRII_36","D3",3,"PFOA+PET","Water (medium)",51.2455677
"LRII_36","D3",3,"PFOA+PET","Daphnia tissue",31.5368
"LRV0_1","D1",1,"PFOA+PET","Water (medium)",59.047619047619
"LRV0_1","D1",1,"PFOA+PET","Daphnia tissue",26.271186440678
"LRV0_1","D1",2,"PFOA+PET","Water (medium)",62
"LRV0_1","D1",2,"PFOA+PET","Daphnia tissue",16.9370338983051
"LRV0_1","D1",3,"PFOA+PET","Water (medium)",49.9283746
"LRV0_1","D1",3,"PFOA+PET","Daphnia tissue",21.0384746
"LRV0_1","D2",1,"PFOA+PET","Water (medium)",53.2155
"LRV0_1","D2",1,"PFOA+PET","Daphnia tissue",34.1980703389831
"LRV0_1","D2",2,"PFOA+PET","Water (medium)",51.8426464539632
"LRV0_1","D2",2,"PFOA+PET","Daphnia tissue",25.443406779661
"LRV0_1","D2",3,"PFOA+PET","Water (medium)",63.3884746
"LRV0_1","D2",3,"PFOA+PET","Daphnia tissue",31.92736457
"LRV0_1","D3",1,"PFOA+PET","Water (medium)",68.1343283582089
"LRV0_1","D3",1,"PFOA+PET","Daphnia tissue",34.5236326840374
"LRV0_1","D3",2,"PFOA+PET","Water (medium)",65
"LRV0_1","D3",2,"PFOA+PET","Daphnia tissue",47.0066585956417
"LRV0_1","D3",3,"PFOA+PET","Water (medium)",62.4247465
"LRV0_1","D3",3,"PFOA+PET","Daphnia tissue",32.203494847
"LRII_36","D1",1,"PFOS+PFOA","Water (medium)",53.6081580628347
"LRII_36","D1",1,"PFOS+PFOA","Daphnia tissue",25.6413111282245
"LRII_36","D1",2,"PFOS+PFOA","Water (medium)",65.7905337188436
"LRII_36","D1",2,"PFOS+PFOA","Daphnia tissue",16.5478054992999
"LRII_36","D1",3,"PFOS+PFOA","Water (medium)",62.954433
"LRII_36","D1",3,"PFOS+PFOA","Daphnia tissue",29.4776854
"LRII_36","D2",1,"PFOS+PFOA","Water (medium)",62.4527536068995
"LRII_36","D2",1,"PFOS+PFOA","Daphnia tissue",20.8434462523363
"LRII_36","D2",2,"PFOS+PFOA","Water (medium)",66.1792231511955
"LRII_36","D2",2,"PFOS+PFOA","Daphnia tissue",14.9211177512871
"LRII_36","D2",3,"PFOS+PFOA","Water (medium)",66.81265
"LRII_36","D2",3,"PFOS+PFOA","Daphnia tissue",28.28765
"LRII_36","D3",1,"PFOS+PFOA","Water (medium)",75.3848972689231
"LRII_36","D3",1,"PFOS+PFOA","Daphnia tissue",26.5349838905486
"LRII_36","D3",2,"PFOS+PFOA","Water (medium)",61.5335483791936
"LRII_36","D3",2,"PFOS+PFOA","Daphnia tissue",24.9900462719444
"LRII_36","D3",3,"PFOS+PFOA","Water (medium)",61.723784
"LRII_36","D3",3,"PFOS+PFOA","Daphnia tissue",25.91743
"LRV0_1","D1",1,"PFOS+PFOA","Water (medium)",53.0639566554514
"LRV0_1","D1",1,"PFOS+PFOA","Daphnia tissue",23.5071610471539
"LRV0_1","D1",2,"PFOS+PFOA","Water (medium)",56.5021356632334
"LRV0_1","D1",2,"PFOS+PFOA","Daphnia tissue",20.5162172702681
"LRV0_1","D1",3,"PFOS+PFOA","Water (medium)",61.72655432
"LRV0_1","D1",3,"PFOS+PFOA","Daphnia tissue",27.61345
"LRV0_1","D2",1,"PFOS+PFOA","Water (medium)",66.206580147125
"LRV0_1","D2",1,"PFOS+PFOA","Daphnia tissue",21.6208652372704
"LRV0_1","D2",2,"PFOS+PFOA","Water (medium)",61.9272979571758
"LRV0_1","D2",2,"PFOS+PFOA","Daphnia tissue",25.8605943002554
"LRV0_1","D2",3,"PFOS+PFOA","Water (medium)",55.381574
"LRV0_1","D2",3,"PFOS+PFOA","Daphnia tissue",20.05843
"LRV0_1","D3",1,"PFOS+PFOA","Water (medium)",60.7060150169146
"LRV0_1","D3",1,"PFOS+PFOA","Daphnia tissue",30.6238237192647
"LRV0_1","D3",2,"PFOS+PFOA","Water (medium)",56.6101619437283
"LRV0_1","D3",2,"PFOS+PFOA","Daphnia tissue",28.5594532481261
"LRV0_1","D3",3,"PFOS+PFOA","Water (medium)",52.138456
"LRV0_1","D3",3,"PFOS+PFOA","Daphnia tissue",23.199203836
"LRII_36","D1",1,"PFOS+PFOA+PET","Water (medium)",65.7905337188436
"LRII_36","D1",1,"PFOS+PFOA+PET","Daphnia tissue",16.5478054992999
"LRII_36","D1",2,"PFOS+PFOA+PET","Water (medium)",53.6081580628347
"LRII_36","D1",2,"PFOS+PFOA+PET","Daphnia tissue",25.6413111282245
"LRII_36","D1",3,"PFOS+PFOA+PET","Water (medium)",67.82938376
"LRII_36","D1",3,"PFOS+PFOA+PET","Daphnia tissue",28.60281917
"LRII_36","D2",1,"PFOS+PFOA+PET","Water (medium)",66.1792231511955
"LRII_36","D2",1,"PFOS+PFOA+PET","Daphnia tissue",14.9211177512871
"LRII_36","D2",2,"PFOS+PFOA+PET","Water (medium)",62.4527536068995
"LRII_36","D2",2,"PFOS+PFOA+PET","Daphnia tissue",20.8434462523363
"LRII_36","D2",3,"PFOS+PFOA+PET","Water (medium)",68.2345672
"LRII_36","D2",3,"PFOS+PFOA+PET","Daphnia tissue",28.13736
"LRII_36","D3",1,"PFOS+PFOA+PET","Water (medium)",51.3354837919361
"LRII_36","D3",1,"PFOS+PFOA+PET","Daphnia tissue",24.9900462719444
"LRII_36","D3",2,"PFOS+PFOA+PET","Water (medium)",55.7448972689231
"LRII_36","D3",2,"PFOS+PFOA+PET","Daphnia tissue",25.349838905486
"LRII_36","D3",3,"PFOS+PFOA+PET","Water (medium)",62.83682736
"LRII_36","D3",3,"PFOS+PFOA+PET","Daphnia tissue",28.43384465
"LRV0_1","D1",1,"PFOS+PFOA+PET","Water (medium)",56.5021356632334
"LRV0_1","D1",1,"PFOS+PFOA+PET","Daphnia tissue",20.5162172702681
"LRV0_1","D1",2,"PFOS+PFOA+PET","Water (medium)",53.0639566554514
"LRV0_1","D1",2,"PFOS+PFOA+PET","Daphnia tissue",23.5071610471539
"LRV0_1","D1",3,"PFOS+PFOA+PET","Water (medium)",59.4674464536
"LRV0_1","D1",3,"PFOS+PFOA+PET","Daphnia tissue",29.303938625
"LRV0_1","D2",1,"PFOS+PFOA+PET","Water (medium)",61.9272979571758
"LRV0_1","D2",1,"PFOS+PFOA+PET","Daphnia tissue",25.8605943002554
"LRV0_1","D2",2,"PFOS+PFOA+PET","Water (medium)",66.206580147125
"LRV0_1","D2",2,"PFOS+PFOA+PET","Daphnia tissue",21.6208652372704
"LRV0_1","D2",3,"PFOS+PFOA+PET","Water (medium)",68.4829383765
"LRV0_1","D2",3,"PFOS+PFOA+PET","Daphnia tissue",33.48383765
"LRV0_1","D3",1,"PFOS+PFOA+PET","Water (medium)",56.6101619437283
"LRV0_1","D3",1,"PFOS+PFOA+PET","Daphnia tissue",28.5594532481261
"LRV0_1","D3",2,"PFOS+PFOA+PET","Water (medium)",60.7060150169146
"LRV0_1","D3",2,"PFOS+PFOA+PET","Daphnia tissue",30.6238237192647
"LRV0_1","D3",3,"PFOS+PFOA+PET","Water (medium)",53.02938365
"LRV0_1","D3",3,"PFOS+PFOA+PET","Daphnia tissue",23.2238365
"LRII_36","D1",1,"PET","Water (medium)",44.5993031358885
"LRII_36","D1",1,"PET","Daphnia tissue",32.5783972125435
"LRII_36","D2",1,"PET","Water (medium)",53.5657686212361
"LRII_36","D2",1,"PET","Daphnia tissue",34.3898573692552
"LRII_36","D3",1,"PET","Water (medium)",77.8501628664495
"LRII_36","D3",1,"PET","Daphnia tissue",43.6482084690554
"LRV0_1","D1",1,"PET","Water (medium)",56.71875
"LRV0_1","D1",1,"PET","Daphnia tissue",21.25
"LRV0_1","D2",1,"PET","Water (medium)",68.189233278956
"LRV0_1","D2",1,"PET","Daphnia tissue",19.9021207177814
"LRV0_1","D3",1,"PET","Water (medium)",61.472602739726
"LRV0_1","D3",1,"PET","Daphnia tissue",44.6917808219178
