"Genotype","Compound","Compartment","n","Mean","SD"
"LRII_36","PET","Water (medium)",3,58.6717448745247,17.2034346375868
"LRII_36","PET","Daphnia tissue",3,36.8721543502847,5.93772086243706
"LRII_36","PFOS","Water (medium)",9,66.9529505370931,7.49654275721431
"LRII_36","PFOS","Daphnia tissue",9,20.3774912198082,4.12287920979197
"LRII_36","PFOA","Water (medium)",9,58.059111177129,6.80051257719435
"LRII_36","PFOA","Daphnia tissue",9,33.1247304583138,7.96684914761493
"LRII_36","PFOS+PET","Water (medium)",9,63.4294247751847,7.95630056966186
"LRII_36","PFOS+PET","Daphnia tissue",9,20.9244367053354,3.91284948971639
"LRII_36","PFOA+PET","Water (medium)",9,54.3907176814913,5.2592682925699
"LRII_36","PFOA+PET","Daphnia tissue",9,28.360590980536,5.31508894636869
"LRII_36","PFOS+PFOA","Water (medium)",9,64.0488867986545,5.79010475500685
"LRII_36","PFOS+PFOA","Daphnia tissue",9,23.6846084659601,5.11365385244238
"LRII_36","PFOS+PFOA+PET","Water (medium)",9,61.5568697689592,6.3943804301574
"LRII_36","PFOS+PFOA+PET","Daphnia tissue",9,23.718621069842,5.13165908571193
"LRV0_1","PET","Water (medium)",3,62.1268620062273,5.76316215753593
"LRV0_1","PET","Daphnia tissue",3,28.6146338465664,13.9395188507404
"LRV0_1","PFOS","Water (medium)",9,60.9647819076325,7.98916028062074
"LRV0_1","PFOS","Daphnia tissue",9,23.9694994059368,3.34583312174061
"LRV0_1","PFOA","Water (medium)",9,59.4804752010879,6.40981198796351
"LRV0_1","PFOA","Daphnia tissue",9,30.0561255874785,8.60183007365084
"LRV0_1","PFOS+PET","Water (medium)",9,59.3194868187436,5.91164883403852
"LRV0_1","PFOS+PET","Daphnia tissue",9,22.7660134503812,3.61719370360366
"LRV0_1","PFOA+PET","Water (medium)",9,59.4424099510879,6.37031021988804
"LRV0_1","PFOA+PET","Daphnia tissue",9,29.9499247504785,8.81389281883626
"LRV0_1","PFOS+PFOA","Water (medium)",9,58.2514146337365,4.65250055802634
"LRV0_1","PFOS+PFOA","Daphnia tissue",9,24.6176887398154,3.74108599451011
"LRV0_1","PFOS+PFOA+PET","Water (medium)",9,59.5551017626365,5.4039483839347
"LRV0_1","PFOS+PFOA+PET","Daphnia tissue",9,26.2999697330376,4.4333114687075
