"Genotype","Compound","Day","n","Water_mean","Water_sd","Tissue_mean","Tissue_sd","Total_mean","Total_sd","Group"
"LRII_36","PET","D1",1,44.5993031358885,NA,32.5783972125435,NA,77.1777003484321,NA,"Single chemicals"
"LRII_36","PET","D2",1,53.5657686212361,NA,34.3898573692552,NA,87.9556259904913,NA,"Single chemicals"
"LRII_36","PET","D3",1,77.8501628664495,NA,43.6482084690554,NA,121.498371335505,NA,"Single chemicals"
"LRII_36","PFOA","D1",3,65.8077551398757,2.54316398381894,38.9682266343826,9.28911102016077,104.775981774258,9.15527543434261,"Single chemicals"
"LRII_36","PFOA","D2",3,57.0150849892473,4.2051101397108,27.4306975819209,4.43924650464638,84.4457825711682,7.82592606740666,"Single chemicals"
"LRII_36","PFOA","D3",3,51.3544934022641,1.30850706550625,32.9752671586378,6.92835135056226,84.3297605609019,7.95473908445695,"Single chemicals"
"LRII_36","PFOA+PET","D1",3,54.1920362065424,5.32701905474414,26.2961548677159,5.11343039029751,80.4881910742583,6.82607298750643,"Mixtures"
"LRII_36","PFOA+PET","D2",3,58.213995655914,6.28085577783653,26.6640309152543,3.77553973635116,84.8780265711682,8.49508305833528,"Mixtures"
"LRII_36","PFOA+PET","D3",3,50.7661211820175,1.05895595189204,32.1215871586378,6.37737047833797,82.8877083406552,7.33195660372851,"Mixtures"
"LRII_36","PFOS","D1",3,63.4788344361773,9.66233438244019,19.0840637818466,4.03921833219466,82.5628982180239,6.89095497387928,"Single chemicals"
"LRII_36","PFOS","D2",3,68.1230050579195,4.97845303301103,19.0199919731994,4.7242096226847,87.142997031119,8.18664582665649,"Single chemicals"
"LRII_36","PFOS","D3",3,69.2570121171824,8.86149523947274,23.0284179043786,3.68026277278694,92.285430021561,9.73976457323161,"Single chemicals"
"LRII_36","PFOS+PET","D1",3,63.1724711361773,9.3461064212009,20.0171170718466,4.33284810904456,83.1895882080239,7.83787928741301,"Mixtures"
"LRII_36","PFOS+PET","D2",3,68.5430050579195,5.64054057472492,19.2533253065328,5.04556978062542,87.7963303644523,9.31390087818484,"Mixtures"
"LRII_36","PFOS+PET","D3",3,58.5727981314572,7.70345023687239,23.5028677376268,1.27043069479429,82.0756658690839,6.49405559041954,"Mixtures"
"LRII_36","PFOS+PFOA","D1",3,60.7843749272261,6.37451434898675,23.8889340091748,6.64067524707834,84.6733089364009,6.89453571536048,"Mixtures"
"LRII_36","PFOS+PFOA","D2",3,65.148208919365,2.35572003840023,21.3507380012078,6.69769025693373,86.4989469205728,7.52946912054343,"Mixtures"
"LRII_36","PFOS+PFOA","D3",3,66.2140765493722,7.94273327642716,25.8141533874977,0.777629478197702,92.0282299368699,8.58462819139169,"Mixtures"
"LRII_36","PFOS+PFOA+PET","D1",3,62.4093585138928,7.68993331618418,23.5973119325081,6.28206082303082,86.0066704464009,9.15991676741607,"Mixtures"
"LRII_36","PFOS+PFOA+PET","D2",3,65.622181319365,2.93088106345979,21.3006413345412,6.61997245474329,86.9228226539062,8.25649027624613,"Mixtures"
"LRII_36","PFOS+PFOA+PET","D3",3,56.6390694736197,5.80257562780532,26.2579099424768,1.89298219044467,82.8969794160965,7.63383111380327,"Mixtures"
"LRV0_1","PET","D1",1,56.71875,NA,21.25,NA,77.96875,NA,"Single chemicals"
"LRV0_1","PET","D2",1,68.189233278956,NA,19.9021207177814,NA,88.0913539967374,NA,"Single chemicals"
"LRV0_1","PET","D3",1,61.472602739726,NA,44.6917808219178,NA,106.164383561644,NA,"Single chemicals"
"LRV0_1","PFOA","D1",3,62.534800465873,3.78304005122597,24.161296779661,6.43422186427869,86.696097245534,8.53149990346851,"Single chemicals"
"LRV0_1","PFOA","D2",3,52.1039673513211,1.00664131212651,27.6257372228814,5.7978553026235,79.7297045742024,6.79974529585839,"Single chemicals"
"LRV0_1","PFOA","D3",3,63.8026577860697,5.03820308797288,38.381342759893,7.48358420068682,102.184000545963,10.0680088198716,"Single chemicals"
"LRV0_1","PFOA+PET","D1",3,56.9919978825397,6.29287046825397,21.415564979661,4.67848787397127,78.4075628622007,7.1906131177287,"Mixtures"
"LRV0_1","PFOA+PET","D2",3,56.1488736846544,6.30714259984829,30.522947229548,4.54316239626672,86.6718209142024,9.03775079235732,"Mixtures"
"LRV0_1","PFOA+PET","D3",3,65.1863582860696,2.85934928034112,37.9112620422264,7.96181127279605,103.097620328296,8.69754688017424,"Mixtures"
"LRV0_1","PFOS","D1",3,57.4076164878411,5.95468986298479,22.9505045050807,2.67945032465722,80.3581209929217,7.18528291166637,"Single chemicals"
"LRV0_1","PFOS","D2",3,69.3107799177275,7.05601680744932,23.9948888661366,2.78877181475195,93.3056687838641,9.07722174451147,"Single chemicals"
"LRV0_1","PFOS","D3",3,56.1759493173289,3.49256125602933,24.963104846593,5.1751641839214,81.139054163922,8.11963573354024,"Single chemicals"
"LRV0_1","PFOS+PET","D1",3,58.8277284878411,8.30828681237131,21.864666038414,2.17589130339603,80.6923945262551,7.76419248777951,"Mixtures"
"LRV0_1","PFOS+PET","D2",3,62.8573169177275,5.13318307762784,21.5733873661367,3.00165247792474,84.4307042838641,6.97783073483148,"Mixtures"
"LRV0_1","PFOS+PET","D3",3,56.2734150506623,3.37019844527035,24.859986946593,5.35375353280824,81.1334019972553,8.12897592498219,"Mixtures"
"LRV0_1","PFOS+PFOA","D1",3,57.0975488795616,4.36188459820918,23.878942772474,3.56319299834517,80.9764916520356,7.2464655486892,"Mixtures"
"LRV0_1","PFOS+PFOA","D2",3,61.1718173681003,5.45190358605836,22.5132965125086,3.00226628192054,83.6851138806089,7.14050200055631,"Mixtures"
"LRV0_1","PFOS+PFOA","D3",3,56.4848776535476,4.28515332188983,27.4608269344636,3.83229434354227,83.9457045880112,8.06603461240312,"Mixtures"
"LRV0_1","PFOS+PFOA+PET","D1",3,56.3445129240949,3.20465350617948,24.4424389808073,4.46789326886701,80.7869519049023,6.91833684254189,"Mixtures"
"LRV0_1","PFOS+PFOA+PET","D2",3,65.5389388269336,3.32842515706596,26.9884323958419,6.01136778892192,92.5273712227755,8.17478827853637,"Mixtures"
"LRV0_1","PFOS+PFOA+PET","D3",3,56.781853536881,3.84119457828472,27.4690378224636,3.81860014425604,84.2508913593446,7.58018120552525,"Mixtures"
