"Genotype","Treatment","Day","Medium","Daphnia","Total"
"LR2_36_01","PET","D1",44.5993031358885,32.5783972125435,77.1777003484321
"LR2_36_01","PET","D2",53.5657686212361,34.3898573692552,87.9556259904913
"LR2_36_01","PET","D3",77.8501628664495,43.6482084690554,121.498371335505
"LRV0_1","PET","D1",56.71875,21.25,77.96875
"LRV0_1","PET","D2",68.189233278956,19.9021207177814,88.0913539967374
"LRV0_1","PET","D3",61.472602739726,44.6917808219178,106.164383561644
"LR2_36_01","PET+PFOS","D1",55.4006968641115,39.3728222996516,94.7735191637631
"LR2_36_01","PET+PFOS","D2",72.2662440570523,36.2916006339144,108.557844690967
"LR2_36_01","PET+PFOS","D3",68.0781758957655,38.599348534202,106.677524429967
"LRV0_1","PET+PFOS","D1",66.875,22.34375,89.21875
"LRV0_1","PET+PFOS","D2",70.6362153344209,45.1876019575856,115.823817292007
"LRV0_1","PET+PFOS","D3",46.9178082191781,38.8698630136986,85.7876712328767
"LR2_36_01","PET+PFOA","D1",55.5749128919861,32.2299651567944,87.8048780487805
"LR2_36_01","PET+PFOA","D2",43.4231378763867,27.2583201267829,70.6814580031696
"LR2_36_01","PET+PFOA","D3",73.6156351791531,50.814332247557,124.42996742671
"LRV0_1","PET+PFOA","D1",73.75,37.03125,110.78125
"LRV0_1","PET+PFOA","D2",53.5073409461664,52.0391517128874,105.546492659054
"LRV0_1","PET+PFOA","D3",78.5958904109589,52.2260273972603,130.821917808219
"LR2_36_01","PET+PFOS+PFOA","D1",76.4808362369338,22.9965156794425,99.4773519163763
"LR2_36_01","PET+PFOS+PFOA","D2",58.3201267828843,48.811410459588,107.131537242472
"LR2_36_01","PET+PFOS+PFOA","D3",69.8697068403909,47.7198697068404,117.589576547231
"LRV0_1","PET+PFOS+PFOA","D1",57.96875,40,97.96875
"LRV0_1","PET+PFOS+PFOA","D2",46.9820554649266,47.4714518760196,94.4535073409462
"LRV0_1","PET+PFOS+PFOA","D3",76.1986301369863,55.8219178082192,132.020547945205
