"Genotype","Exposure","PET","Day","Replicate","Medium","Daphnia","Total","block"
"LRII_36","PFOS","Without PET","D1",1,52.426383510971,23.1504178907335,75.5768014017044,"PFOS_LR2_36_01"
"LRII_36","PFOS","Without PET","D1",2,67.684756097561,15.0725394548063,82.7572955523673,"PFOS_LR2_36_01"
"LRII_36","PFOS","Without PET","D1",3,70.3253637,19.029234,89.3545977,"PFOS_LR2_36_01"
"LRII_36","PFOS","Without PET","D2",1,63.3484162895928,19.853733348543,83.2021496381358,"PFOS_LR2_36_01"
"LRII_36","PFOS","Without PET","D2",2,67.7376705141658,13.9344155710553,81.6720860852211,"PFOS_LR2_36_01"
"LRII_36","PFOS","Without PET","D2",3,73.28292837,23.271827,96.55475537,"PFOS_LR2_36_01"
"LRII_36","PFOS","Without PET","D3",1,79.1051179895801,24.3561257491044,103.461243738685,"PFOS_LR2_36_01"
"LRII_36","PFOS","Without PET","D3",2,66.7386204047914,18.8685336637759,85.6071540685673,"PFOS_LR2_36_01"
"LRII_36","PFOS","Without PET","D3",3,61.9272979571758,25.8605943002554,87.7878922574312,"PFOS_LR2_36_01"
"LRV0_1","PFOS","Without PET","D1",1,52.1369433877825,24.1887373111019,76.3256806988844,"PFOS_LRV_01"
"LRV0_1","PFOS","Without PET","D1",2,56.2189060757407,19.8758762041402,76.0947822798809,"PFOS_LRV_01"
"LRV0_1","PFOS","Without PET","D1",3,63.867,24.7869,88.6539,"PFOS_LRV_01"
"LRV0_1","PFOS","Without PET","D2",1,67.8733031674208,21.1773155717792,89.0506187392,"PFOS_LRV_01"
"LRV0_1","PFOS","Without PET","D2",2,63.0841875857616,24.0534130266307,87.1376006123923,"PFOS_LRV_01"
"LRV0_1","PFOS","Without PET","D2",3,76.974849,26.753938,103.728787,"PFOS_LRV_01"
"LRV0_1","PFOS","Without PET","D3",1,60.0239043824701,28.0213679734842,88.0452723559543,"PFOS_LRV_01"
"LRV0_1","PFOS","Without PET","D3",2,55.2973977695167,27.8800495662949,83.1774473358116,"PFOS_LRV_01"
"LRV0_1","PFOS","Without PET","D3",3,53.2065458,18.987897,72.1944428,"PFOS_LRV_01"
"LRII_36","PFOS","With PET","D1",1,67.684756097561,15.0725394548063,82.7572955523673,"PFOS+PET_LR2_36_01"
"LRII_36","PFOS","With PET","D1",2,52.426383510971,23.1504178907335,75.5768014017044,"PFOS+PET_LR2_36_01"
"LRII_36","PFOS","With PET","D1",3,69.4062738,21.82839387,91.23466767,"PFOS+PET_LR2_36_01"
"LRII_36","PFOS","With PET","D2",1,67.7376705141658,13.9344155710553,81.6720860852211,"PFOS+PET_LR2_36_01"
"LRII_36","PFOS","With PET","D2",2,63.3484162895928,19.853733348543,83.2021496381358,"PFOS+PET_LR2_36_01"
"LRII_36","PFOS","With PET","D2",3,74.54292837,23.971827,98.51475537,"PFOS+PET_LR2_36_01"
"LRII_36","PFOS","With PET","D3",1,51.5386204047914,24.8685336637759,76.4071540685673,"PFOS+PET_LR2_36_01"
"LRII_36","PFOS","With PET","D3",2,66.8051179895801,22.3561257491044,89.1612437386845,"PFOS+PET_LR2_36_01"
"LRII_36","PFOS","With PET","D3",3,57.374656,23.2839438,80.6585998,"PFOS+PET_LR2_36_01"
"LRV0_1","PFOS","With PET","D1",1,56.2189060757407,19.8758762041402,76.0947822798809,"PFOS+PET_LRV_01"
"LRV0_1","PFOS","With PET","D1",2,52.1369433877825,24.1887373111019,76.3256806988844,"PFOS+PET_LRV_01"
"LRV0_1","PFOS","With PET","D1",3,68.127336,21.5293846,89.6567206,"PFOS+PET_LRV_01"
"LRV0_1","PFOS","With PET","D2",1,63.0841875857616,24.7534130266307,87.8376006123923,"PFOS+PET_LRV_01"
"LRV0_1","PFOS","With PET","D2",2,67.8733031674208,21.1773155717792,89.0506187392,"PFOS+PET_LRV_01"
"LRV0_1","PFOS","With PET","D2",3,57.61446,18.7894335,76.4038935,"PFOS+PET_LRV_01"
"LRV0_1","PFOS","With PET","D3",1,55.2973977695167,27.8800495662949,83.1774473358116,"PFOS+PET_LRV_01"
"LRV0_1","PFOS","With PET","D3",2,60.0239043824701,28.0213679734842,88.0452723559543,"PFOS+PET_LRV_01"
"LRV0_1","PFOS","With PET","D3",3,53.498943,18.6785433,72.1774863,"PFOS+PET_LRV_01"
"LRII_36","PFOA","Without PET","D1",1,65.00010087,49.6525423728814,114.652643242881,"PFOA_LR2_36_01"
"LRII_36","PFOA","Without PET","D1",2,63.7664945496271,32.8065375302664,96.5730320798935,"PFOA_LR2_36_01"
"LRII_36","PFOA","Without PET","D1",3,68.65667,34.4456,103.10227,"PFOA_LR2_36_01"
"LRII_36","PFOA","Without PET","D2",1,54.7338709677419,29.3728601694915,84.1067311372334,"PFOA_LR2_36_01"
"LRII_36","PFOA","Without PET","D2",2,54.44355,22.3513425762712,76.7948925762713,"PFOA_LR2_36_01"
"LRII_36","PFOA","Without PET","D2",3,61.867834,30.56789,92.435724,"PFOA_LR2_36_01"
"LRII_36","PFOA","Without PET","D3",1,51.9655704008222,40.251210653753,92.2167810545752,"PFOA_LR2_36_01"
"LRII_36","PFOA","Without PET","D3",2,49.8522388059701,26.4567508221603,76.3089896281304,"PFOA_LR2_36_01"
"LRII_36","PFOA","Without PET","D3",3,52.245671,32.21784,84.463511,"PFOA_LR2_36_01"
"LRV0_1","PFOA","Without PET","D1",1,62,16.9370338983051,78.9370338983051,"PFOA_LRV_01"
"LRV0_1","PFOA","Without PET","D1",2,59.047619047619,26.271186440678,85.318805488297,"PFOA_LRV_01"
"LRV0_1","PFOA","Without PET","D1",3,66.55678235,29.27567,95.83245235,"PFOA_LRV_01"
"LRV0_1","PFOA","Without PET","D2",1,51.8426464539632,25.443406779661,77.2860532336242,"PFOA_LRV_01"
"LRV0_1","PFOA","Without PET","D2",2,53.2155,34.1980703389831,87.413570338983,"PFOA_LRV_01"
"LRV0_1","PFOA","Without PET","D2",3,51.2537556,23.23573455,74.48949015,"PFOA_LRV_01"
"LRV0_1","PFOA","Without PET","D3",1,65,47.0066585956417,112.006658595642,"PFOA_LRV_01"
"LRV0_1","PFOA","Without PET","D3",2,68.1343283582089,34.5236326840374,102.657961042246,"PFOA_LRV_01"
"LRV0_1","PFOA","Without PET","D3",3,58.273645,33.613737,91.887382,"PFOA_LRV_01"
"LRII_36","PFOA","With PET","D1",1,48.7664945496271,29.8065375302664,78.5730320798935,"PFOA+PET_LR2_36_01"
"LRII_36","PFOA","With PET","D1",2,59.41473837,28.6525423728814,88.0672807428814,"PFOA+PET_LR2_36_01"
"LRII_36","PFOA","With PET","D1",3,54.3948757,20.4293847,74.8242604,"PFOA+PET_LR2_36_01"
"LRII_36","PFOA","With PET","D2",1,54.44355,22.3513425762712,76.7948925762713,"PFOA+PET_LR2_36_01"
"LRII_36","PFOA","With PET","D2",2,54.7338709677419,29.3728601694915,84.1067311372334,"PFOA+PET_LR2_36_01"
"LRII_36","PFOA","With PET","D2",3,65.464566,28.26789,93.732456,"PFOA+PET_LR2_36_01"
"LRII_36","PFOA","With PET","D3",1,49.5522388059701,26.0567508221603,75.6089896281305,"PFOA+PET_LR2_36_01"
"LRII_36","PFOA","With PET","D3",2,51.5005570400822,38.771210653753,90.2717676938352,"PFOA+PET_LR2_36_01"
"LRII_36","PFOA","With PET","D3",3,51.2455677,31.5368,82.7823677,"PFOA+PET_LR2_36_01"
"LRV0_1","PFOA","With PET","D1",1,59.047619047619,26.271186440678,85.318805488297,"PFOA+PET_LRV_01"
"LRV0_1","PFOA","With PET","D1",2,62,16.9370338983051,78.9370338983051,"PFOA+PET_LRV_01"
"LRV0_1","PFOA","With PET","D1",3,49.9283746,21.0384746,70.9668492,"PFOA+PET_LRV_01"
"LRV0_1","PFOA","With PET","D2",1,53.2155,34.1980703389831,87.413570338983,"PFOA+PET_LRV_01"
"LRV0_1","PFOA","With PET","D2",2,51.8426464539632,25.443406779661,77.2860532336242,"PFOA+PET_LRV_01"
"LRV0_1","PFOA","With PET","D2",3,63.3884746,31.92736457,95.31583917,"PFOA+PET_LRV_01"
"LRV0_1","PFOA","With PET","D3",1,68.1343283582089,34.5236326840374,102.657961042246,"PFOA+PET_LRV_01"
"LRV0_1","PFOA","With PET","D3",2,65,47.0066585956417,112.006658595642,"PFOA+PET_LRV_01"
"LRV0_1","PFOA","With PET","D3",3,62.4247465,32.203494847,94.628241347,"PFOA+PET_LRV_01"
"LRII_36","PFOS+PFOA","Without PET","D1",1,53.6081580628347,25.6413111282245,79.2494691910592,"PFOS+PFOA_LR2_36_01"
"LRII_36","PFOS+PFOA","Without PET","D1",2,65.7905337188436,16.5478054992999,82.3383392181435,"PFOS+PFOA_LR2_36_01"
"LRII_36","PFOS+PFOA","Without PET","D1",3,62.954433,29.4776854,92.4321184,"PFOS+PFOA_LR2_36_01"
"LRII_36","PFOS+PFOA","Without PET","D2",1,62.4527536068995,20.8434462523363,83.2961998592359,"PFOS+PFOA_LR2_36_01"
"LRII_36","PFOS+PFOA","Without PET","D2",2,66.1792231511955,14.9211177512871,81.1003409024826,"PFOS+PFOA_LR2_36_01"
"LRII_36","PFOS+PFOA","Without PET","D2",3,66.81265,28.28765,95.1003,"PFOS+PFOA_LR2_36_01"
"LRII_36","PFOS+PFOA","Without PET","D3",1,75.3848972689231,26.5349838905486,101.919881159472,"PFOS+PFOA_LR2_36_01"
"LRII_36","PFOS+PFOA","Without PET","D3",2,61.5335483791936,24.9900462719444,86.523594651138,"PFOS+PFOA_LR2_36_01"
"LRII_36","PFOS+PFOA","Without PET","D3",3,61.723784,25.91743,87.641214,"PFOS+PFOA_LR2_36_01"
"LRV0_1","PFOS+PFOA","Without PET","D1",1,53.0639566554514,23.5071610471539,76.5711177026053,"PFOS+PFOA_LRV_01"
"LRV0_1","PFOS+PFOA","Without PET","D1",2,56.5021356632334,20.5162172702681,77.0183529335014,"PFOS+PFOA_LRV_01"
"LRV0_1","PFOS+PFOA","Without PET","D1",3,61.72655432,27.61345,89.34000432,"PFOS+PFOA_LRV_01"
"LRV0_1","PFOS+PFOA","Without PET","D2",1,66.206580147125,21.6208652372704,87.8274453843954,"PFOS+PFOA_LRV_01"
"LRV0_1","PFOS+PFOA","Without PET","D2",2,61.9272979571758,25.8605943002554,87.7878922574312,"PFOS+PFOA_LRV_01"
"LRV0_1","PFOS+PFOA","Without PET","D2",3,55.381574,20.05843,75.440004,"PFOS+PFOA_LRV_01"
"LRV0_1","PFOS+PFOA","Without PET","D3",1,60.7060150169146,30.6238237192647,91.3298387361793,"PFOS+PFOA_LRV_01"
"LRV0_1","PFOS+PFOA","Without PET","D3",2,56.6101619437283,28.5594532481261,85.1696151918544,"PFOS+PFOA_LRV_01"
"LRV0_1","PFOS+PFOA","Without PET","D3",3,52.138456,23.199203836,75.337659836,"PFOS+PFOA_LRV_01"
"LRII_36","PFOS+PFOA","With PET","D1",1,65.7905337188436,16.5478054992999,82.3383392181435,"PFOS+PFOA+PET_LR2_36_01"
"LRII_36","PFOS+PFOA","With PET","D1",2,53.6081580628347,25.6413111282245,79.2494691910592,"PFOS+PFOA+PET_LR2_36_01"
"LRII_36","PFOS+PFOA","With PET","D1",3,67.82938376,28.60281917,96.43220293,"PFOS+PFOA+PET_LR2_36_01"
"LRII_36","PFOS+PFOA","With PET","D2",1,66.1792231511955,14.9211177512871,81.1003409024826,"PFOS+PFOA+PET_LR2_36_01"
"LRII_36","PFOS+PFOA","With PET","D2",2,62.4527536068995,20.8434462523363,83.2961998592359,"PFOS+PFOA+PET_LR2_36_01"
"LRII_36","PFOS+PFOA","With PET","D2",3,68.2345672,28.13736,96.3719272,"PFOS+PFOA+PET_LR2_36_01"
"LRII_36","PFOS+PFOA","With PET","D3",1,51.3354837919361,24.9900462719444,76.3255300638805,"PFOS+PFOA+PET_LR2_36_01"
"LRII_36","PFOS+PFOA","With PET","D3",2,55.7448972689231,25.349838905486,81.0947361744091,"PFOS+PFOA+PET_LR2_36_01"
"LRII_36","PFOS+PFOA","With PET","D3",3,62.83682736,28.43384465,91.27067201,"PFOS+PFOA+PET_LR2_36_01"
"LRV0_1","PFOS+PFOA","With PET","D1",1,56.5021356632334,20.5162172702681,77.0183529335014,"PFOS+PFOA+PET_LRV_01"
"LRV0_1","PFOS+PFOA","With PET","D1",2,53.0639566554514,23.5071610471539,76.5711177026053,"PFOS+PFOA+PET_LRV_01"
"LRV0_1","PFOS+PFOA","With PET","D1",3,59.4674464536,29.303938625,88.7713850786,"PFOS+PFOA+PET_LRV_01"
"LRV0_1","PFOS+PFOA","With PET","D2",1,61.9272979571758,25.8605943002554,87.7878922574312,"PFOS+PFOA+PET_LRV_01"
"LRV0_1","PFOS+PFOA","With PET","D2",2,66.206580147125,21.6208652372704,87.8274453843954,"PFOS+PFOA+PET_LRV_01"
"LRV0_1","PFOS+PFOA","With PET","D2",3,68.4829383765,33.48383765,101.9667760265,"PFOS+PFOA+PET_LRV_01"
"LRV0_1","PFOS+PFOA","With PET","D3",1,56.6101619437283,28.5594532481261,85.1696151918544,"PFOS+PFOA+PET_LRV_01"
"LRV0_1","PFOS+PFOA","With PET","D3",2,60.7060150169146,30.6238237192647,91.3298387361793,"PFOS+PFOA+PET_LRV_01"
"LRV0_1","PFOS+PFOA","With PET","D3",3,53.02938365,23.2238365,76.25322015,"PFOS+PFOA+PET_LRV_01"
