"Genotype","Replicate","Day","Chemical","Conc","IC","RE"
"DM1900",1,"D1","PFOS",13.54,71.765,81.1328642095729
"DM1900",1,"D1","Diclofenac",0.23,1.865,87.6675603217158
"DM1900",1,"D1","Atrazine",0.17,0.22,22.7272727272727
"DM1900",1,"D1","Arsenic",358.91,788.74,54.4957780764257
"DM1900",2,"D1","PFOS",29.83,71.765,58.4337769107504
"DM1900",2,"D1","Diclofenac",0.28,1.865,84.9865951742627
"DM1900",2,"D1","Atrazine",0.06,0.22,72.7272727272727
"DM1900",2,"D1","Arsenic",316.45,788.74,59.8790475948982
"DM1900",1,"D2","PFOS",30.79,70.83,56.5297190456021
"DM1900",1,"D2","Diclofenac",0.01,1.89,99.4708994708995
"DM1900",1,"D2","Atrazine",0.07,0.215,67.4418604651163
"DM1900",1,"D2","Arsenic",342.18,788.74,56.6168826229176
"DM1900",2,"D2","PFOS",29.32,70.83,58.6051108287449
"DM1900",2,"D2","Diclofenac",0.03,1.89,98.4126984126984
"DM1900",2,"D2","Atrazine",0.07,0.215,67.4418604651163
"DM1900",2,"D2","Arsenic",274.25,788.74,65.2293531455232
"DM1900",1,"D3","PFOS",19.54,67.035,70.8510479600209
"DM1900",1,"D3","Diclofenac",0.02,1.84,98.9130434782609
"DM1900",1,"D3","Atrazine",0.07,0.21,66.6666666666667
"DM1900",1,"D3","Arsenic",381.33,788.74,51.6532697720415
"DM1900",2,"D3","PFOS",45.92,67.035,31.4984709480122
"DM1900",2,"D3","Diclofenac",0.02,1.84,98.9130434782609
"DM1900",2,"D3","Atrazine",0.1,0.21,52.3809523809524
"DM1900",2,"D3","Arsenic",401.44,788.74,49.1036336435327
"DM1960",1,"D1","PFOS",43.97,71.765,38.730578973037
"DM1960",1,"D1","Diclofenac",0.31,1.865,83.3780160857909
"DM1960",1,"D1","Atrazine",0.06,0.22,72.7272727272727
"DM1960",1,"D1","Arsenic",208.69,788.74,73.5413444227502
"DM1960",2,"D1","PFOS",60.31,71.765,15.9618198286072
"DM1960",2,"D1","Diclofenac",0.04,1.865,97.8552278820375
"DM1960",2,"D1","Atrazine",0.06,0.22,72.7272727272727
"DM1960",2,"D1","Arsenic",336.6,788.74,57.3243400867206
"DM1960",1,"D2","PFOS",60.12,70.83,15.1207115628971
"DM1960",1,"D2","Diclofenac",0.06,1.89,96.8253968253968
"DM1960",1,"D2","Atrazine",0.07,0.215,67.4418604651163
"DM1960",1,"D2","Arsenic",352.55,788.74,55.3021274437711
"DM1960",2,"D2","PFOS",41.05,70.83,42.0443314979528
"DM1960",2,"D2","Diclofenac",0.06,1.89,96.8253968253968
"DM1960",2,"D2","Atrazine",0.08,0.215,62.7906976744186
"DM1960",2,"D2","Arsenic",353.71,788.74,55.1550574333748
"DM1960",1,"D3","PFOS",46.91,67.035,30.0216304915343
"DM1960",1,"D3","Diclofenac",0.03,1.84,98.3695652173913
"DM1960",1,"D3","Atrazine",0.09,0.21,57.1428571428571
"DM1960",1,"D3","Arsenic",436.91,788.74,44.6065877221898
"DM1960",2,"D3","PFOS",10.44,67.035,84.4260460953233
"DM1960",2,"D3","Diclofenac",0.26,1.84,85.8695652173913
"DM1960",2,"D3","Atrazine",0.05,0.21,76.1904761904762
"DM1960",2,"D3","Arsenic",305.49,788.74,61.2686056241601
"DM1980",1,"D1","PFOS",53.22,71.765,25.8412875357068
"DM1980",1,"D1","Diclofenac",0.33,1.865,82.3056300268097
"DM1980",1,"D1","Atrazine",0.16,0.22,27.2727272727273
"DM1980",1,"D1","Arsenic",188.99,788.74,76.0389989096534
"DM1980",2,"D1","PFOS",67.6,71.765,5.80366473907893
"DM1980",2,"D1","Diclofenac",0.22,1.865,88.2037533512064
"DM1980",2,"D1","Atrazine",0.19,0.22,13.6363636363636
"DM1980",2,"D1","Arsenic",340.67,788.74,56.8083272054162
"DM1980",1,"D2","PFOS",36.01,70.83,49.1599604687279
"DM1980",1,"D2","Diclofenac",0.37,1.89,80.4232804232804
"DM1980",1,"D2","Atrazine",0.06,0.215,72.093023255814
"DM1980",1,"D2","Arsenic",436.68,788.74,44.6357481552856
"DM1980",2,"D2","PFOS",17.735,70.83,74.9611746435126
"DM1980",2,"D2","Diclofenac",0.11,1.89,94.1798941798942
"DM1980",2,"D2","Atrazine",0.12,0.215,44.1860465116279
"DM1980",2,"D2","Arsenic",381.49,788.74,51.6329842533661
"DM1980",1,"D3","PFOS",44.25,67.035,33.9897068695458
"DM1980",1,"D3","Diclofenac",0.18,1.84,90.2173913043478
"DM1980",1,"D3","Atrazine",0.07,0.21,66.6666666666667
"DM1980",1,"D3","Arsenic",194.93,788.74,75.2858990288308
"DM1980",2,"D3","PFOS",52.01,67.035,22.4136645036175
"DM1980",2,"D3","Diclofenac",0.14,1.84,92.3913043478261
"DM1980",2,"D3","Atrazine",0.08,0.21,61.9047619047619
"DM1980",2,"D3","Arsenic",273.84,788.74,65.2813347871289
"DM2015",1,"D1","PFOS",11.84,71.765,83.5017069602174
"DM2015",1,"D1","Diclofenac",0.33,1.865,82.3056300268097
"DM2015",1,"D1","Atrazine",0.13,0.22,40.9090909090909
"DM2015",1,"D1","Arsenic",211.75,788.74,73.153383878084
"DM2015",2,"D1","PFOS",32.67,71.765,54.476416080262
"DM2015",2,"D1","Diclofenac",0.25,1.865,86.5951742627346
"DM2015",2,"D1","Atrazine",0.09,0.22,59.0909090909091
"DM2015",2,"D1","Arsenic",417.89,788.74,47.0180287547227
"DM2015",1,"D2","PFOS",41.867,70.83,40.8908654524919
"DM2015",1,"D2","Diclofenac",0.23,1.89,87.8306878306878
"DM2015",1,"D2","Atrazine",0.09,0.215,58.1395348837209
"DM2015",1,"D2","Arsenic",270.91,788.74,65.6528133478713
"DM2015",2,"D2","PFOS",44.29,70.83,37.4699985881689
"DM2015",2,"D2","Diclofenac",0.24,1.89,87.3015873015873
"DM2015",2,"D2","Atrazine",0.06,0.215,72.093023255814
"DM2015",2,"D2","Arsenic",249.25,788.74,68.3989654385475
"DM2015",1,"D3","PFOS",36.199,67.035,45.9998508241963
"DM2015",1,"D3","Diclofenac",0.23,1.84,87.5
"DM2015",1,"D3","Atrazine",0.08,0.21,61.9047619047619
"DM2015",1,"D3","Arsenic",342.61,788.74,56.5623652914775
"DM2015",2,"D3","PFOS",39.8,67.035,40.6280301335123
"DM2015",2,"D3","Diclofenac",0.61,1.84,66.8478260869565
"DM2015",2,"D3","Atrazine",0.06,0.21,71.4285714285714
"DM2015",2,"D3","Arsenic",230.27,788.74,70.8053350914116
